CREATE DATABASE  IF NOT EXISTS `DBNew` /*!40100 DEFAULT CHARACTER SET latin1 */;
USE `DBNew`;
-- MySQL dump 10.13  Distrib 5.7.32, for Linux (x86_64)
--
-- Host: 127.0.0.1    Database: DBNew
-- ------------------------------------------------------
-- Server version	5.7.32-0ubuntu0.18.04.1

/*!40101 SET @OLD_CHARACTER_SET_CLIENT=@@CHARACTER_SET_CLIENT */;
/*!40101 SET @OLD_CHARACTER_SET_RESULTS=@@CHARACTER_SET_RESULTS */;
/*!40101 SET @OLD_COLLATION_CONNECTION=@@COLLATION_CONNECTION */;
/*!40101 SET NAMES utf8 */;
/*!40103 SET @OLD_TIME_ZONE=@@TIME_ZONE */;
/*!40103 SET TIME_ZONE='+00:00' */;
/*!40014 SET @OLD_UNIQUE_CHECKS=@@UNIQUE_CHECKS, UNIQUE_CHECKS=0 */;
/*!40014 SET @OLD_FOREIGN_KEY_CHECKS=@@FOREIGN_KEY_CHECKS, FOREIGN_KEY_CHECKS=0 */;
/*!40101 SET @OLD_SQL_MODE=@@SQL_MODE, SQL_MODE='NO_AUTO_VALUE_ON_ZERO' */;
/*!40111 SET @OLD_SQL_NOTES=@@SQL_NOTES, SQL_NOTES=0 */;

--
-- Table structure for table `blacklist`
--

DROP TABLE IF EXISTS `blacklist`;
/*!40101 SET @saved_cs_client     = @@character_set_client */;
/*!40101 SET character_set_client = utf8 */;
CREATE TABLE `blacklist` (
  `id` int(11) NOT NULL AUTO_INCREMENT,
  `created_at` timestamp NOT NULL DEFAULT CURRENT_TIMESTAMP,
  `accessToken` text,
  `expired` datetime DEFAULT NULL,
  PRIMARY KEY (`id`)
) ENGINE=InnoDB AUTO_INCREMENT=57 DEFAULT CHARSET=utf8;
/*!40101 SET character_set_client = @saved_cs_client */;

--
-- Dumping data for table `blacklist`
--

LOCK TABLES `blacklist` WRITE;
/*!40000 ALTER TABLE `blacklist` DISABLE KEYS */;
INSERT INTO `blacklist` VALUES (1,'2020-11-27 14:20:17','eyJhbGciOiJIUzI1NiIsInR5cCI6IkpXVCJ9.eyJ1c2VybmFtZSI6InRnX2N0XzEiLCJpYXQiOjE2MDYzOTUxMDQsImV4cCI6MzYxNjA2Mzk1MTA0fQ.e9DFkA0aFBe6W9H0-MXfAyiVoYDWJJzhWWENFOwNWdU','0000-00-00 00:00:00'),(2,'2020-12-03 07:38:42','eyJhbGciOiJIUzI1NiIsInR5cCI6IkpXVCJ9.eyJ1c2VybmFtZSI6InRnX2N0XzEiLCJpYXQiOjE2MDY5ODA5OTYsImV4cCI6MzYxNjA2OTgwOTk2fQ.NBdmPi_fx3sRvV1PH7Pvw0gk-hMPuvBbwMGM0WGv_Lk','0000-00-00 00:00:00'),(3,'2020-12-03 18:11:12','eyJhbGciOiJIUzI1NiIsInR5cCI6IkpXVCJ9.eyJ1c2VybmFtZSI6InRnX2N0XzEiLCJpYXQiOjE2MDY5ODExMjIsImV4cCI6MzYxNjA2OTgxMTIyfQ.VSPHgOLgtTSFdUy5w4G-DhgqQm_iVjbAxCoCzO4z3cE','0000-00-00 00:00:00'),(4,'2020-12-04 06:42:39','eyJhbGciOiJIUzI1NiIsInR5cCI6IkpXVCJ9.eyJ1c2VybmFtZSI6InRnX2N0XzEiLCJpYXQiOjE2MDcwNjQxNTQsImV4cCI6MzYxNjA3MDY0MTU0fQ.Rrt0w602oQyu49U1u58KvxDq_86-XNO8Cj_bR8bNk3k','0000-00-00 00:00:00'),(5,'2020-12-04 06:50:25','eyJhbGciOiJIUzI1NiIsInR5cCI6IkpXVCJ9.eyJ1c2VybmFtZSI6InRnX2N0XzEiLCJpYXQiOjE2MDcwNjQ0MzcsImV4cCI6MzYxNjA3MDY0NDM3fQ.-qy6jIuKhzwNEtSECsmUdIue8dthyBfYDUlvp6AdQs4','0000-00-00 00:00:00'),(6,'2020-12-04 07:25:36','eyJhbGciOiJIUzI1NiIsInR5cCI6IkpXVCJ9.eyJ1c2VybmFtZSI6InRnX2N0XzEiLCJpYXQiOjE2MDcwNjY3MDksImV4cCI6MzYxNjA3MDY2NzA5fQ.YZrZ8PnJ90HmBnQDBNKIO54xArowWA5Gy2lgrdQYves','0000-00-00 00:00:00'),(7,'2020-12-04 16:56:33','eyJhbGciOiJIUzI1NiIsInR5cCI6IkpXVCJ9.eyJ1c2VybmFtZSI6InRnX2N0XzEiLCJpYXQiOjE2MDcwNzUyNjIsImV4cCI6MzYxNjA3MDc1MjYyfQ.ZovhsJgMIxp1tb_0Fmm-IPSDlQatJKcQnOoHwr6JG6M','0000-00-00 00:00:00'),(8,'2020-12-04 17:05:06','eyJhbGciOiJIUzI1NiIsInR5cCI6IkpXVCJ9.eyJ1c2VybmFtZSI6InRnX2N0IiwiaWF0IjoxNjA3MTAxMDAxLCJleHAiOjM2MTYwNzEwMTAwMX0.Z89Gh84G8h1ZwGYpwr9K1SMCIZm-9n7b68goNGwhwH4','0000-00-00 00:00:00'),(9,'2020-12-04 19:47:52','eyJhbGciOiJIUzI1NiIsInR5cCI6IkpXVCJ9.eyJ1c2VybmFtZSI6InRpbmh0aWVuZ2lhbmciLCJpYXQiOjE2MDcxMDE1MTgsImV4cCI6MzYxNjA3MTAxNTE4fQ.rTaF7CgpIHih0wRTObbzSUCeiwjmsaojVbfW3P1V_YQ','0000-00-00 00:00:00'),(10,'2020-12-04 19:53:21','eyJhbGciOiJIUzI1NiIsInR5cCI6IkpXVCJ9.eyJ1c2VybmFtZSI6InRnX2N0XzEiLCJpYXQiOjE2MDcxMTEyODAsImV4cCI6MzYxNjA3MTExMjgwfQ.pcps5k-F7T1e7X-B8tkQw8y1m_5mQvPKoCxsq1BqmzQ','0000-00-00 00:00:00'),(11,'2020-12-07 08:46:16','eyJhbGciOiJIUzI1NiIsInR5cCI6IkpXVCJ9.eyJ1c2VybmFtZSI6InRpbmh0aWVuZ2lhbmciLCJpYXQiOjE2MDcxODc1NzcsImV4cCI6MzYxNjA3MTg3NTc3fQ.TVrfB0DIWyRxA2Yezl9mMOpQ1nOiP9_y85JNLiCQMQU','0000-00-00 00:00:00'),(12,'2020-12-07 08:46:48','eyJhbGciOiJIUzI1NiIsInR5cCI6IkpXVCJ9.eyJ1c2VybmFtZSI6InRpbmh0aWVuZ2lhbmciLCJpYXQiOjE2MDczMzA4MDQsImV4cCI6MzYxNjA3MzMwODA0fQ.k13-Lo97wLfBmAbxUrmhONVBRqZmX8h1riXwpzBtxLA','0000-00-00 00:00:00'),(13,'2020-12-11 18:17:13','eyJhbGciOiJIUzI1NiIsInR5cCI6IkpXVCJ9.eyJ1c2VybmFtZSI6InRpbmh0aWVuZ2lhbmciLCJpYXQiOjE2MDc3MDc3ODksImV4cCI6MzYxNjA3NzA3Nzg5fQ.TPF8jo8m6pMPx4odKmYjrlY6zBnn2Vz5u4W0K6Cr-bw','0000-00-00 00:00:00'),(14,'2020-12-18 10:17:38','eyJhbGciOiJIUzI1NiIsInR5cCI6IkpXVCJ9.eyJ1c2VybmFtZSI6InRnX2N0XzEiLCJpYXQiOjE2MDc3MTA2NDAsImV4cCI6MzYxNjA3NzEwNjQwfQ.4CDLrQEmDvRh3F9GmbbvqGb-tAATQ-hQaPUaUvF_U-8','0000-00-00 00:00:00'),(15,'2020-12-19 05:46:07','eyJhbGciOiJIUzI1NiIsInR5cCI6IkpXVCJ9.eyJ1c2VybmFtZSI6InRpbmh0aWVuZ2lhbmciLCJpYXQiOjE2MDgyODY2NjYsImV4cCI6MzYxNjA4Mjg2NjY2fQ.Jr69ohYbhjDE-j5gxMBNwqtXeOystXWy8LCopoIuM4M','0000-00-00 00:00:00'),(16,'2020-12-20 15:50:14','eyJhbGciOiJIUzI1NiIsInR5cCI6IkpXVCJ9.eyJ1c2VybmFtZSI6InRnX2N0XzEiLCJpYXQiOjE2MDgzNTY3NzMsImV4cCI6MzYxNjA4MzU2NzczfQ.pn8mPOrWfQix5kdu5b4p_cqZ3BDcH8-upan4G6169s4','0000-00-00 00:00:00'),(17,'2020-12-23 06:14:09','eyJhbGciOiJIUzI1NiIsInR5cCI6IkpXVCJ9.eyJ1c2VybmFtZSI6InRnX2N0XzEiLCJpYXQiOjE2MDg2MTgxODcsImV4cCI6MzYxNjA4NjE4MTg3fQ.6PR8IH5XHouw0BjHcnVokr2acOXqywq1CSve05OtK0w','0000-00-00 00:00:00'),(18,'2020-12-23 14:04:17','eyJhbGciOiJIUzI1NiIsInR5cCI6IkpXVCJ9.eyJ1c2VybmFtZSI6InRpbmh0aWVuZ2lhbmciLCJpYXQiOjE2MDg3MDQwNTksImV4cCI6MzYxNjA4NzA0MDU5fQ.prJDLXATeNX3y72R4bAquxYXzonp8zCLxwflti8uI0Q','0000-00-00 00:00:00'),(19,'2020-12-24 17:08:23','eyJhbGciOiJIUzI1NiIsInR5cCI6IkpXVCJ9.eyJ1c2VybmFtZSI6InRnX2N0XzEiLCJpYXQiOjE2MDg3MzIyNjYsImV4cCI6MzYxNjA4NzMyMjY2fQ.PPDBqJAqaOcA5sUiAOt9O6bEsY-f7vkIy78Tbqx6m0w','0000-00-00 00:00:00'),(20,'2021-01-03 04:41:44','eyJhbGciOiJIUzI1NiIsInR5cCI6IkpXVCJ9.eyJ1c2VybmFtZSI6InRnX2N0XzEiLCJpYXQiOjE2MDk0OTYxOTMsImV4cCI6MzYxNjA5NDk2MTkzfQ.JFgz7HxHLqIRGvdIsIdKnHv6cMgp-_djxYgUM-tYgLk','0000-00-00 00:00:00'),(21,'2021-01-03 05:14:42','eyJhbGciOiJIUzI1NiIsInR5cCI6IkpXVCJ9.eyJ1c2VybmFtZSI6InRpbmh0aWVuZ2lhbmciLCJpYXQiOjE2MDk2NDg5MTAsImV4cCI6MzYxNjA5NjQ4OTEwfQ.JwRwDj75-Hp3VaqHB5zW7MJjCRgfSv7uydjGpwocx4M','0000-00-00 00:00:00'),(22,'2021-01-04 10:00:55','eyJhbGciOiJIUzI1NiIsInR5cCI6IkpXVCJ9.eyJ1c2VybmFtZSI6InRpbmh0aWVuZ2lhbmciLCJpYXQiOjE2MDk3NDcxNDgsImV4cCI6MzYxNjA5NzQ3MTQ4fQ.yUK7G8T5GaShqA2t1KXAMKWKWONfmPytBLfNZ_7iAzs','0000-00-00 00:00:00'),(23,'2021-01-04 16:28:14','eyJhbGciOiJIUzI1NiIsInR5cCI6IkpXVCJ9.eyJ1c2VybmFtZSI6InRnX2N0XzEiLCJpYXQiOjE2MDk3NTQ0NjIsImV4cCI6MzYxNjA5NzU0NDYyfQ.HBjyfOmYQBmIuJ2MqlXjJ42FQGTAgIhU6j6UF5W6QwI','0000-00-00 00:00:00'),(24,'2021-01-04 16:52:05','eyJhbGciOiJIUzI1NiIsInR5cCI6IkpXVCJ9.eyJ1c2VybmFtZSI6InRpbmh0aWVuZ2lhbmciLCJpYXQiOjE2MDk3Nzc3MDIsImV4cCI6MzYxNjA5Nzc3NzAyfQ.BTVkVj0HmoKS_NjhMSJhKbOyfcTqGEH5fKp0sAotUiE','0000-00-00 00:00:00'),(25,'2021-01-07 07:42:58','eyJhbGciOiJIUzI1NiIsInR5cCI6IkpXVCJ9.eyJ1c2VybmFtZSI6InRnX2N0XzEiLCJpYXQiOjE2MTAwMDQ0MTAsImV4cCI6MzYxNjEwMDA0NDEwfQ.oS0lFltPM9NROAEhR-6oFtV5E3iJ2KQcMGiFCbUTMqk','0000-00-00 00:00:00'),(26,'2021-01-07 07:44:24','eyJhbGciOiJIUzI1NiIsInR5cCI6IkpXVCJ9.eyJ1c2VybmFtZSI6InRnX2N0XzEiLCJpYXQiOjE2MTAwMDUzOTMsImV4cCI6MzYxNjEwMDA1MzkzfQ.zb7ZfGBKG50fPFJiw3q8dSenW1wViim80OvBHcfJxY0','0000-00-00 00:00:00'),(27,'2021-01-07 07:48:24','eyJhbGciOiJIUzI1NiIsInR5cCI6IkpXVCJ9.eyJ1c2VybmFtZSI6InRnX2N0XzEiLCJpYXQiOjE2MTAwMDU0NzYsImV4cCI6MzYxNjEwMDA1NDc2fQ.X9Al0FlCKcmd8B5IUL9defKdr19gLW-vYAoewJ4_q88','0000-00-00 00:00:00'),(28,'2021-01-07 08:57:16','eyJhbGciOiJIUzI1NiIsInR5cCI6IkpXVCJ9.eyJ1c2VybmFtZSI6InRnX2N0XzEiLCJpYXQiOjE2MTAwMDU3MTQsImV4cCI6MzYxNjEwMDA1NzE0fQ.gmfysM3T5pBNbgrqjTw4FFt2zVLmd57aqvkVWSW8-UY','0000-00-00 00:00:00'),(29,'2021-01-07 08:59:52','eyJhbGciOiJIUzI1NiIsInR5cCI6IkpXVCJ9.eyJ1c2VybmFtZSI6InRnX2N0IiwiaWF0IjoxNjEwMDA5ODQxLCJleHAiOjM2MTYxMDAwOTg0MX0.Z7voZbKHzhxjgxhQMQtU5Mtb7Vhmxgcyd7fZFSUoIWQ','0000-00-00 00:00:00'),(30,'2021-01-07 09:12:03','eyJhbGciOiJIUzI1NiIsInR5cCI6IkpXVCJ9.eyJ1c2VybmFtZSI6InRnX2N0XzEiLCJpYXQiOjE2MTAwMDk5OTksImV4cCI6MzYxNjEwMDA5OTk5fQ.vRzbRdWNyR8CNtG-htSzbzMLXFUqVJkcFu1beIDtn6A','0000-00-00 00:00:00'),(31,'2021-01-08 22:20:38','eyJhbGciOiJIUzI1NiIsInR5cCI6IkpXVCJ9.eyJ1c2VybmFtZSI6InRnX2N0IiwiaWF0IjoxNjEwMDEwNzI3LCJleHAiOjM2MTYxMDAxMDcyN30.KmR7j_YZ1XcnfpN2DlmZRO-L7k0qwrZbuhhvwybV518','0000-00-00 00:00:00'),(32,'2021-01-10 10:35:06','eyJhbGciOiJIUzI1NiIsInR5cCI6IkpXVCJ9.eyJ1c2VybmFtZSI6InRnX2N0XzEiLCJpYXQiOjE2MTAxNDQ0NTEsImV4cCI6MzYxNjEwMTQ0NDUxfQ.k0xVKrSFV8TE6WqKFkRp63BbAj89DSrickI5gJv0EN8','0000-00-00 00:00:00'),(33,'2021-01-10 10:38:49','eyJhbGciOiJIUzI1NiIsInR5cCI6IkpXVCJ9.eyJ1c2VybmFtZSI6InRnX2N0IiwiaWF0IjoxNjEwMjc0OTEzLCJleHAiOjM2MTYxMDI3NDkxM30.gdsvtFUdg5_f3yvWGlHNgZXOeJreHmZyiH_-fnhRpCo','0000-00-00 00:00:00'),(34,'2021-01-10 11:00:29','eyJhbGciOiJIUzI1NiIsInR5cCI6IkpXVCJ9.eyJ1c2VybmFtZSI6InRpbmh0aWVuZ2lhbmciLCJpYXQiOjE2MTAyNzU1MjksImV4cCI6MzYxNjEwMjc1NTI5fQ.ZFzxAFDtXvRPjiYcwwbdbVCls9FiS30uPrRrm5ihdys','0000-00-00 00:00:00'),(35,'2021-01-10 13:57:22','eyJhbGciOiJIUzI1NiIsInR5cCI6IkpXVCJ9.eyJ1c2VybmFtZSI6InRpbmh0aWVuZ2lhbmciLCJpYXQiOjE2MTAyNzk0ODksImV4cCI6MzYxNjEwMjc5NDg5fQ.My9apsx3zB5-pEtsfwBzoGY4eRA5-XbsHovAJC5Vrkc','0000-00-00 00:00:00'),(36,'2021-01-10 21:02:55','eyJhbGciOiJIUzI1NiIsInR5cCI6IkpXVCJ9.eyJ1c2VybmFtZSI6InRpbmh0aWVuZ2lhbmciLCJpYXQiOjE2MTAyODcwNDIsImV4cCI6MzYxNjEwMjg3MDQyfQ._Pfr3eZkrMUYcB1ITApLSDDaatE968qK4q-ZLEa7ztI','0000-00-00 00:00:00'),(37,'2021-01-11 08:07:29','eyJhbGciOiJIUzI1NiIsInR5cCI6IkpXVCJ9.eyJ1c2VybmFtZSI6InRnX2N0XzEiLCJpYXQiOjE2MTAzMTI1ODQsImV4cCI6MzYxNjEwMzEyNTg0fQ.0YfY5d2HtTWibfApIU1mTvQ20z2YBsIusIInNxflVKM','0000-00-00 00:00:00'),(38,'2021-01-11 08:53:00','eyJhbGciOiJIUzI1NiIsInR5cCI6IkpXVCJ9.eyJ1c2VybmFtZSI6InRpbmh0aWVuZ2lhbmciLCJpYXQiOjE2MTAzNTI0NTksImV4cCI6MzYxNjEwMzUyNDU5fQ.9n-WDYdPg02CRq9yEso6gco_x9_D6l4mUtR4cXMyhpc','0000-00-00 00:00:00'),(39,'2021-01-11 08:54:33','eyJhbGciOiJIUzI1NiIsInR5cCI6IkpXVCJ9.eyJ1c2VybmFtZSI6InRnX2NsIiwiaWF0IjoxNjEwMzU1MTkxLCJleHAiOjM2MTYxMDM1NTE5MX0.thrIePRWBHWhjdmz55QKO0sjPG3MLEDSSV7cCU8YZck','0000-00-00 00:00:00'),(40,'2021-01-11 10:38:37','eyJhbGciOiJIUzI1NiIsInR5cCI6IkpXVCJ9.eyJ1c2VybmFtZSI6InRpbmh0aWVuZ2lhbmciLCJpYXQiOjE2MTAzNTUyODAsImV4cCI6MzYxNjEwMzU1MjgwfQ.qV1avnDU2x5O-8LLDl2og4RLsPZ61_O9b1EAml5UBDU','0000-00-00 00:00:00'),(41,'2021-01-11 13:22:47','eyJhbGciOiJIUzI1NiIsInR5cCI6IkpXVCJ9.eyJ1c2VybmFtZSI6InRnX2N0XzEiLCJpYXQiOjE2MTAzNjE1MzAsImV4cCI6MzYxNjEwMzYxNTMwfQ.xWhX1HwVioHcOXi6xjkCp_hTuNnKgo0pCsSFZnqOZOY','0000-00-00 00:00:00'),(42,'2021-01-11 13:29:20','eyJhbGciOiJIUzI1NiIsInR5cCI6IkpXVCJ9.eyJ1c2VybmFtZSI6InRpbmh0aWVuZ2lhbmciLCJpYXQiOjE2MTAzNzE2ODIsImV4cCI6MzYxNjEwMzcxNjgyfQ.iB0U3Ck5VzwLW_GF4QK090xlWMAnalU-Y0T876hVNAc','0000-00-00 00:00:00'),(43,'2021-01-11 13:29:56','eyJhbGciOiJIUzI1NiIsInR5cCI6IkpXVCJ9.eyJ1c2VybmFtZSI6InRpbmh0aWVuZ2lhbmciLCJpYXQiOjE2MTAzNzE3ODQsImV4cCI6MzYxNjEwMzcxNzg0fQ.VsjSm-SlEasKMVGirExKJwSHOXqPPoZdbsOFcXg5rTY','0000-00-00 00:00:00'),(44,'2021-01-11 14:01:39','eyJhbGciOiJIUzI1NiIsInR5cCI6IkpXVCJ9.eyJ1c2VybmFtZSI6InRpbmh0aWVuZ2lhbmciLCJpYXQiOjE2MTAzNzM2NzUsImV4cCI6MzYxNjEwMzczNjc1fQ.jRKQ5LNTgjoLW8mPbxfQA6DKxHZaRGNwTTw5OsmaJpg','0000-00-00 00:00:00'),(45,'2021-01-11 14:01:46','eyJhbGciOiJIUzI1NiIsInR5cCI6IkpXVCJ9.eyJ1c2VybmFtZSI6InRpbmh0aWVuZ2lhbmciLCJpYXQiOjE2MTAzNzM2OTksImV4cCI6MzYxNjEwMzczNjk5fQ.1352AAFZJ9WY-xXwKqFbhtfusoX-fuM782rdHPhZ-R4','0000-00-00 00:00:00'),(46,'2021-01-11 14:10:24','eyJhbGciOiJIUzI1NiIsInR5cCI6IkpXVCJ9.eyJ1c2VybmFtZSI6InRpbmh0aWVuZ2lhbmciLCJpYXQiOjE2MTAzNzM3MTYsImV4cCI6MzYxNjEwMzczNzE2fQ.zMNwLfzvVhkJwnEO1lfxdulZcpAj3YheDXkS3xXwQp8','0000-00-00 00:00:00'),(47,'2021-01-11 15:30:39','eyJhbGciOiJIUzI1NiIsInR5cCI6IkpXVCJ9.eyJ1c2VybmFtZSI6InRnX2N0IiwiaWF0IjoxNjEwMzc0MjMxLCJleHAiOjM2MTYxMDM3NDIzMX0.dUPrb8Dqza94YEhuyoTeQytHsd00n-zAOZ7Z5BIv3As','0000-00-00 00:00:00'),(48,'2021-01-11 18:21:07','eyJhbGciOiJIUzI1NiIsInR5cCI6IkpXVCJ9.eyJ1c2VybmFtZSI6InRnX2N0XzEiLCJpYXQiOjE2MTAzNzkwNTQsImV4cCI6MzYxNjEwMzc5MDU0fQ.p6GDJFZnQOCAnYWLm5A0KApIWyN8m-ZU5VyCIZ3X7xU','0000-00-00 00:00:00'),(49,'2021-01-11 19:31:24','eyJhbGciOiJIUzI1NiIsInR5cCI6IkpXVCJ9.eyJ1c2VybmFtZSI6InRpbmh0aWVuZ2lhbmciLCJpYXQiOjE2MTAzODkyNzksImV4cCI6MzYxNjEwMzg5Mjc5fQ.dJtklfAkLiUB76Tjj1gtxEMF6bl-HUP-It3qt4Sl9Rs','0000-00-00 00:00:00'),(50,'2021-01-11 19:32:04','eyJhbGciOiJIUzI1NiIsInR5cCI6IkpXVCJ9.eyJ1c2VybmFtZSI6InRnX2N0XzEiLCJpYXQiOjE2MTAzOTM0OTEsImV4cCI6MzYxNjEwMzkzNDkxfQ.g1y-dBY7EexgeE-jNdCgtxjqQOKsMZy4mMn9_8aC7r0','0000-00-00 00:00:00'),(51,'2021-01-11 20:35:57','eyJhbGciOiJIUzI1NiIsInR5cCI6IkpXVCJ9.eyJ1c2VybmFtZSI6InRnX2NsXzEiLCJpYXQiOjE2MTAzOTM1MzUsImV4cCI6MzYxNjEwMzkzNTM1fQ.OYVc17Xmtte4iUwxpQyOGXbY76gvD_its9Jzgmy1DVA','0000-00-00 00:00:00'),(52,'2021-01-11 21:35:46','eyJhbGciOiJIUzI1NiIsInR5cCI6IkpXVCJ9.eyJ1c2VybmFtZSI6InRpbmh0aWVuZ2lhbmciLCJpYXQiOjE2MTAzOTczNjQsImV4cCI6MzYxNjEwMzk3MzY0fQ.9T47RF_9pPMM6St4PhYjXRnne41HJMoGtKfUys3qlQs','0000-00-00 00:00:00'),(53,'2021-01-12 00:39:59','eyJhbGciOiJIUzI1NiIsInR5cCI6IkpXVCJ9.eyJ1c2VybmFtZSI6InRpbmh0aWVuZ2lhbmciLCJpYXQiOjE2MTA0MDI4OTYsImV4cCI6MzYxNjEwNDAyODk2fQ.PFJR40wCvS3mx1FXxNWLZLkjC5FymRTBcQfGH7tGFMI','0000-00-00 00:00:00'),(54,'2021-01-12 00:40:25','eyJhbGciOiJIUzI1NiIsInR5cCI6IkpXVCJ9.eyJ1c2VybmFtZSI6InRpbmh0aWVuZ2lhbmciLCJpYXQiOjE2MTA0MTIwMTgsImV4cCI6MzYxNjEwNDEyMDE4fQ.5XDiz6FUYOdEam7_tma1rvE4mzoL11sS8beFfvx0ajE','0000-00-00 00:00:00'),(55,'2021-01-12 01:31:04','eyJhbGciOiJIUzI1NiIsInR5cCI6IkpXVCJ9.eyJ1c2VybmFtZSI6InRpbmh0aWVuZ2lhbmciLCJpYXQiOjE2MTA0MTI5OTIsImV4cCI6MzYxNjEwNDEyOTkyfQ.AFTPlZ07Euz4tM9xlpZ65vUaKZYhrjKcAMPi8uRLgfo','0000-00-00 00:00:00'),(56,'2021-01-12 01:54:35','eyJhbGciOiJIUzI1NiIsInR5cCI6IkpXVCJ9.eyJ1c2VybmFtZSI6InRpbmh0aWVuZ2lhbmciLCJpYXQiOjE2MTA0MTU4NjgsImV4cCI6MzYxNjEwNDE1ODY4fQ.dk3gHTHl1ZiBWcFFYen3fWcQ38VQdBO1TqwMLzsTsFI','0000-00-00 00:00:00');
/*!40000 ALTER TABLE `blacklist` ENABLE KEYS */;
UNLOCK TABLES;

--
-- Table structure for table `chitietgiadinh`
--

DROP TABLE IF EXISTS `chitietgiadinh`;
/*!40101 SET @saved_cs_client     = @@character_set_client */;
/*!40101 SET character_set_client = utf8 */;
CREATE TABLE `chitietgiadinh` (
  `id_giadinh` int(20) NOT NULL,
  `id_person` int(20) NOT NULL,
  `id_chucdanh` int(20) NOT NULL,
  `trangthainuoiduong` int(1) DEFAULT NULL,
  PRIMARY KEY (`id_giadinh`,`id_person`,`id_chucdanh`),
  KEY `chitietgiadinh_ibfk_2` (`id_person`),
  KEY `chitietgiadinh_ibfk_3` (`id_chucdanh`),
  CONSTRAINT `chitietgiadinh_ibfk_1` FOREIGN KEY (`id_giadinh`) REFERENCES `giadinh` (`id_giadinh`),
  CONSTRAINT `chitietgiadinh_ibfk_2` FOREIGN KEY (`id_person`) REFERENCES `person` (`id_person`),
  CONSTRAINT `chitietgiadinh_ibfk_3` FOREIGN KEY (`id_chucdanh`) REFERENCES `chucdanh` (`id_chucdanh`)
) ENGINE=InnoDB DEFAULT CHARSET=utf8;
/*!40101 SET character_set_client = @saved_cs_client */;

--
-- Dumping data for table `chitietgiadinh`
--

LOCK TABLES `chitietgiadinh` WRITE;
/*!40000 ALTER TABLE `chitietgiadinh` DISABLE KEYS */;
INSERT INTO `chitietgiadinh` VALUES (161662,10060,1,NULL),(161662,10061,2,NULL),(161662,230069,7,0),(161662,406063,7,NULL),(161662,406064,7,NULL),(161662,406065,7,NULL),(161662,406066,7,0),(161662,406067,7,0),(161662,406069,7,0),(161662,406094,7,0),(161662,406095,7,0),(161662,406103,7,0),(161662,406104,7,0),(161662,406107,7,0),(161663,10062,2,1),(161663,230071,7,0),(161665,10063,2,1),(161665,230073,7,0),(161667,10064,1,1),(161667,230075,7,0),(161668,10065,1,1),(161668,230076,7,0),(161668,230077,7,0),(161669,10066,2,1),(161669,230078,7,0),(161671,10067,2,1),(161671,230080,7,0),(161672,10068,1,1),(161672,230081,7,0),(161674,10069,2,1),(161674,230083,7,0),(161675,10070,2,1),(161675,230084,7,0),(161676,10071,2,1),(161676,230085,7,0),(161677,10072,2,1),(161677,230086,7,0),(161678,10073,1,1),(161678,230087,7,0),(161679,10074,4,1),(161679,10075,1,1),(161679,10076,2,1),(161679,230088,7,0),(161679,230089,7,0),(161680,10077,1,1),(161680,230090,7,0),(161681,10078,1,1),(161681,230091,7,0),(161681,230092,7,0),(161682,10079,2,1),(161682,230093,7,0),(161682,230094,7,0),(161683,10080,1,1),(161683,230095,7,0),(161683,230096,7,0),(161684,10081,1,1),(161684,230097,7,0),(161685,10082,1,1),(161685,230098,7,0),(161686,10083,1,1),(161686,230099,7,0),(161687,10084,2,1),(161687,230100,7,0),(161689,10085,2,1),(161689,230102,7,0),(161690,10086,1,1),(161690,230103,7,0),(161690,230104,7,0),(161690,230105,7,0),(161691,10087,1,1),(161691,230106,7,0),(161691,230107,7,0),(161692,10088,1,1),(161692,230108,7,0),(161693,10089,2,1),(161693,230109,7,0),(161694,10090,1,1),(161694,230110,7,0),(161695,10091,2,1),(161695,230111,7,0),(161696,10092,1,1),(161696,230112,7,0),(161697,10093,2,1),(161697,230113,7,0),(161697,230114,7,0),(161698,10094,1,1),(161698,230115,7,0),(161698,230116,7,0),(161699,10095,1,1),(161699,230117,7,0),(161700,10096,1,1),(161700,230118,7,0),(161701,10097,1,1),(161701,230119,7,0),(161702,10098,1,1),(161702,230120,7,0),(161703,10099,1,1),(161703,230121,7,0),(161703,230122,7,0),(161704,10100,2,1),(161704,230123,7,0),(161706,10101,1,1),(161706,230125,7,0),(161707,10102,1,1),(161707,230126,7,0),(161707,230127,7,0),(161709,10103,2,1),(161709,230129,7,0),(161710,10104,2,1),(161710,230131,7,0),(161710,230132,7,0),(161710,230133,7,0),(161711,10105,2,1),(161711,230134,7,0),(161713,10106,1,1),(161713,230137,7,0),(161714,10107,1,1),(161714,230138,7,0),(161715,10108,1,1),(161715,230139,7,0),(161716,10109,1,1),(161716,230140,7,0),(161718,10110,2,1),(161718,230143,7,0),(161719,10111,2,1),(161719,230144,7,0),(161720,10112,2,1),(161720,230145,7,0),(161720,230146,7,0),(161721,10113,1,1),(161721,230147,7,0),(161721,230148,7,0),(161721,230149,7,0),(161721,230150,7,0),(161722,10114,1,1),(161722,230151,7,0),(161722,230152,7,0),(244515,10115,1,1),(244515,349339,7,0),(245450,10116,1,1),(245450,350295,7,0),(245451,10117,1,1),(245451,10118,2,1),(245451,350296,7,0),(245451,350297,7,0),(245452,350298,7,0),(245453,10119,1,1),(245453,350299,7,0),(245454,10120,1,1),(245454,350301,7,0),(245455,10121,2,1),(245455,350302,7,0),(245456,10122,1,1),(245456,350303,7,0),(245457,10123,1,1),(245457,350304,7,0),(245458,10124,2,1),(245458,350305,7,0),(245459,10125,1,1),(245459,350306,7,0),(245460,10126,1,1),(245460,350307,7,0),(245461,10127,2,1),(245461,350308,7,0),(267365,10128,2,1),(267365,374646,7,0),(267375,10129,1,1),(267375,374657,7,0),(267384,10130,1,1),(267384,374667,7,0),(267392,10131,1,1),(267392,374675,7,0),(267402,10132,1,1),(267402,374685,7,0),(267409,10133,1,1),(267409,374692,7,0),(267421,10134,1,1),(267421,374705,7,0),(267430,10135,1,1),(267430,374714,7,0),(267441,10136,1,1),(267441,374725,7,0),(267451,10137,1,1),(267451,374735,7,0),(268672,10138,2,1),(268672,376022,7,0),(293809,10139,2,1),(293809,406052,7,0),(293810,10140,2,1),(293810,406053,7,0),(293817,10141,2,1),(293817,406060,7,0),(293819,10142,2,1),(293819,406062,7,0),(293820,406068,7,0),(293822,406070,2,NULL),(293822,406078,1,NULL),(293822,406092,7,NULL),(293823,406080,1,1),(293823,406093,7,0),(293823,406102,4,1),(293823,406105,2,1),(293830,406096,1,1),(293830,406101,7,0),(293831,406079,1,1),(293831,406106,7,0),(293833,406139,7,0);
/*!40000 ALTER TABLE `chitietgiadinh` ENABLE KEYS */;
UNLOCK TABLES;

--
-- Table structure for table `chitietloaihoancanh`
--

DROP TABLE IF EXISTS `chitietloaihoancanh`;
/*!40101 SET @saved_cs_client     = @@character_set_client */;
/*!40101 SET character_set_client = utf8 */;
CREATE TABLE `chitietloaihoancanh` (
  `id_hoancanh` int(20) NOT NULL,
  `id_person` int(20) NOT NULL,
  PRIMARY KEY (`id_hoancanh`,`id_person`),
  KEY `chitietloaihoancanh_ibfk_2` (`id_person`),
  CONSTRAINT `chitietloaihoancanh_ibfk_1` FOREIGN KEY (`id_hoancanh`) REFERENCES `hoancanh` (`id_hoancanh`),
  CONSTRAINT `chitietloaihoancanh_ibfk_2` FOREIGN KEY (`id_person`) REFERENCES `person` (`id_person`)
) ENGINE=InnoDB DEFAULT CHARSET=utf8;
/*!40101 SET character_set_client = @saved_cs_client */;

--
-- Dumping data for table `chitietloaihoancanh`
--

LOCK TABLES `chitietloaihoancanh` WRITE;
/*!40000 ALTER TABLE `chitietloaihoancanh` DISABLE KEYS */;
INSERT INTO `chitietloaihoancanh` VALUES (286,230069),(287,230069),(331,230069),(332,230069),(333,230069),(334,230069),(335,230069),(336,230069),(300,230071),(305,230071),(397,230071),(306,230073),(400,230073),(335,230080),(333,230083),(299,230086),(302,230097),(288,230106),(401,230109),(286,230110),(288,230110),(356,230110),(395,230110),(306,230111),(301,230113),(400,230113),(394,230114),(288,230116),(306,230116),(302,230117),(306,230117),(401,230119),(306,230140),(400,230140),(306,350297),(306,350302),(287,350303),(397,350303),(306,374705),(400,374705),(289,406053),(331,406063),(332,406063),(333,406063),(334,406063),(286,406094),(287,406094),(286,406095),(287,406095),(398,406103),(331,406104),(301,406106),(286,406107),(331,406107),(332,406107),(333,406107),(334,406107),(286,406139),(331,406139),(332,406139),(333,406139),(334,406139);
/*!40000 ALTER TABLE `chitietloaihoancanh` ENABLE KEYS */;
UNLOCK TABLES;

--
-- Table structure for table `chucdanh`
--

DROP TABLE IF EXISTS `chucdanh`;
/*!40101 SET @saved_cs_client     = @@character_set_client */;
/*!40101 SET character_set_client = utf8 */;
CREATE TABLE `chucdanh` (
  `id_chucdanh` int(20) NOT NULL AUTO_INCREMENT,
  `tenchucdanh` varchar(100) NOT NULL,
  `ngaytao` timestamp NOT NULL DEFAULT CURRENT_TIMESTAMP,
  `ngaycapnhat` timestamp NOT NULL DEFAULT CURRENT_TIMESTAMP,
  PRIMARY KEY (`id_chucdanh`)
) ENGINE=InnoDB AUTO_INCREMENT=8 DEFAULT CHARSET=utf8;
/*!40101 SET character_set_client = @saved_cs_client */;

--
-- Dumping data for table `chucdanh`
--

LOCK TABLES `chucdanh` WRITE;
/*!40000 ALTER TABLE `chucdanh` DISABLE KEYS */;
INSERT INTO `chucdanh` VALUES (1,'Cha','2020-11-22 18:15:10','2020-11-22 18:15:10'),(2,'Mẹ','2020-11-22 18:15:10','2020-11-22 18:15:10'),(4,'Người nuôi dưỡng','2020-11-22 18:15:10','2020-11-22 18:15:10'),(7,'Con','2020-11-22 18:16:05','2020-11-22 18:16:05');
/*!40000 ALTER TABLE `chucdanh` ENABLE KEYS */;
UNLOCK TABLES;

--
-- Table structure for table `donvi`
--

DROP TABLE IF EXISTS `donvi`;
/*!40101 SET @saved_cs_client     = @@character_set_client */;
/*!40101 SET character_set_client = utf8 */;
CREATE TABLE `donvi` (
  `id_donvi` int(20) NOT NULL AUTO_INCREMENT,
  `tendonvi` varchar(50) NOT NULL,
  `id_phuongxa` int(20) DEFAULT NULL,
  `id_quanhuyen` int(20) DEFAULT NULL,
  `id_tinhthanhpho` int(20) NOT NULL,
  PRIMARY KEY (`id_donvi`),
  KEY `donvi_ibfk_1` (`id_phuongxa`),
  KEY `donvi_ibfk_2` (`id_tinhthanhpho`),
  KEY `donvi_ibfk_3` (`id_quanhuyen`),
  CONSTRAINT `donvi_ibfk_1` FOREIGN KEY (`id_phuongxa`) REFERENCES `phuongxa` (`id_phuongxa`),
  CONSTRAINT `donvi_ibfk_2` FOREIGN KEY (`id_tinhthanhpho`) REFERENCES `tinhthanhpho` (`id_tinhthanhpho`),
  CONSTRAINT `donvi_ibfk_3` FOREIGN KEY (`id_quanhuyen`) REFERENCES `quanhuyen` (`id_quanhuyen`)
) ENGINE=InnoDB AUTO_INCREMENT=630497 DEFAULT CHARSET=utf8;
/*!40101 SET character_set_client = @saved_cs_client */;

--
-- Dumping data for table `donvi`
--

LOCK TABLES `donvi` WRITE;
/*!40000 ALTER TABLE `donvi` DISABLE KEYS */;
INSERT INTO `donvi` VALUES (630000,'Tiền Giang',NULL,NULL,60),(630400,'Châu Thành - Tiền Giang',NULL,665,60),(630487,'Thị Trấn Tân Hiệp - Huyện Châu Thành - Tiền giang',15123,665,60),(630488,'Cai Lậy - Tiền Giang',NULL,84302,60),(630491,'Thạnh Lộc - Cai Lậy - Tiền Giang',84405,84302,60),(630492,'Long Tiên - Cai Lậy - Tiền Giang',84305,84302,60),(630493,'Hội Xuân - Cai Lậy - Tiền Giang',84304,84302,60),(630494,'Mỹ Thành Bắc - Cai Lậy - Tiền Giang',84406,84302,60),(630495,'Phú Cường - Cai Lậy - Tiền Giang',84407,84302,60),(630496,'Mỹ Thành Nam - Cai Lậy - Tiền Giang',84408,84302,60);
/*!40000 ALTER TABLE `donvi` ENABLE KEYS */;
UNLOCK TABLES;

--
-- Table structure for table `giadinh`
--

DROP TABLE IF EXISTS `giadinh`;
/*!40101 SET @saved_cs_client     = @@character_set_client */;
/*!40101 SET character_set_client = utf8 */;
CREATE TABLE `giadinh` (
  `id_giadinh` int(20) NOT NULL AUTO_INCREMENT,
  `diachi` text NOT NULL,
  `id_hoancanhgiadinh` int(1) NOT NULL,
  `id_thon` int(20) NOT NULL,
  PRIMARY KEY (`id_giadinh`),
  KEY `giadinh_ibfk_1` (`id_thon`),
  KEY `giadinh_ibfk_2` (`id_hoancanhgiadinh`),
  CONSTRAINT `giadinh_ibfk_1` FOREIGN KEY (`id_thon`) REFERENCES `thon` (`id_thon`),
  CONSTRAINT `giadinh_ibfk_2` FOREIGN KEY (`id_hoancanhgiadinh`) REFERENCES `hoancanhgiadinh` (`id_hoancanhgiadinh`)
) ENGINE=InnoDB AUTO_INCREMENT=293834 DEFAULT CHARSET=utf8;
/*!40101 SET character_set_client = @saved_cs_client */;

--
-- Dumping data for table `giadinh`
--

LOCK TABLES `giadinh` WRITE;
/*!40000 ALTER TABLE `giadinh` DISABLE KEYS */;
INSERT INTO `giadinh` VALUES (161662,'Ấp Me - Thị trấn Tân Hiệp - Huyện Châu Thành - Tỉnh Tiền Giang',3,22451),(161663,'Ấp Me - Thị trấn Tân Hiệp - Huyện Châu Thành - Tỉnh Tiền Giang',3,22451),(161665,'Ấp Me - Thị trấn Tân Hiệp - Huyện Châu Thành - Tỉnh Tiền Giang',3,22451),(161667,'Ấp Me - Thị trấn Tân Hiệp - Huyện Châu Thành - Tỉnh Tiền Giang',3,22451),(161668,'Ấp Me - Thị trấn Tân Hiệp - Huyện Châu Thành - Tỉnh Tiền Giang',3,22451),(161669,'Ấp Me - Thị trấn Tân Hiệp - Huyện Châu Thành - Tỉnh Tiền Giang',3,22451),(161671,'',3,90936),(161672,'Ấp Me - Thị trấn Tân Hiệp - Huyện Châu Thành - Tỉnh Tiền Giang',3,22451),(161674,'',3,22483),(161675,'Ấp Me - Thị trấn Tân Hiệp - Huyện Châu Thành - Tỉnh Tiền Giang',3,22451),(161676,'Ấp Me - Thị trấn Tân Hiệp - Huyện Châu Thành - Tỉnh Tiền Giang',3,22451),(161677,'Ấp Me - Thị trấn Tân Hiệp - Huyện Châu Thành - Tỉnh Tiền Giang',3,22451),(161678,'Ấp Me - Thị trấn Tân Hiệp - Huyện Châu Thành - Tỉnh Tiền Giang',3,22451),(161679,'Ấp Me - Thị trấn Tân Hiệp - Huyện Châu Thành - Tỉnh Tiền Giang',3,22451),(161680,'Ấp Me - Thị trấn Tân Hiệp - Huyện Châu Thành - Tỉnh Tiền Giang',3,22451),(161681,'Ấp Me - Thị trấn Tân Hiệp - Huyện Châu Thành - Tỉnh Tiền Giang',3,22451),(161682,'Ấp Me - Thị trấn Tân Hiệp - Huyện Châu Thành - Tỉnh Tiền Giang',3,22451),(161683,'Ấp Me - Thị trấn Tân Hiệp - Huyện Châu Thành - Tỉnh Tiền Giang',3,22451),(161684,'Ấp Me - Thị trấn Tân Hiệp - Huyện Châu Thành - Tỉnh Tiền Giang',3,22451),(161685,'Ấp Me - Thị trấn Tân Hiệp - Huyện Châu Thành - Tỉnh Tiền Giang',3,22451),(161686,'Ấp Me - Thị trấn Tân Hiệp - Huyện Châu Thành - Tỉnh Tiền Giang',3,22451),(161687,'Ấp Me - Thị trấn Tân Hiệp - Huyện Châu Thành - Tỉnh Tiền Giang',3,22451),(161689,'Ấp Me - Thị trấn Tân Hiệp - Huyện Châu Thành - Tỉnh Tiền Giang',3,22451),(161690,'Ấp Me - Thị trấn Tân Hiệp - Huyện Châu Thành - Tỉnh Tiền Giang',3,22451),(161691,'Ấp Me - Thị trấn Tân Hiệp - Huyện Châu Thành - Tỉnh Tiền Giang',3,22451),(161692,'Ấp Me - Thị trấn Tân Hiệp - Huyện Châu Thành - Tỉnh Tiền Giang',1,22451),(161693,'Ấp Me - Thị trấn Tân Hiệp - Huyện Châu Thành - Tỉnh Tiền Giang',2,22451),(161694,'Ấp Me - Thị trấn Tân Hiệp - Huyện Châu Thành - Tỉnh Tiền Giang',1,22451),(161695,'Ấp Me - Thị trấn Tân Hiệp - Huyện Châu Thành - Tỉnh Tiền Giang',2,22451),(161696,'Ấp Me - Thị trấn Tân Hiệp - Huyện Châu Thành - Tỉnh Tiền Giang',1,22451),(161697,'Ấp Me - Thị trấn Tân Hiệp - Huyện Châu Thành - Tỉnh Tiền Giang',2,22451),(161698,'Ấp Me - Thị trấn Tân Hiệp - Huyện Châu Thành - Tỉnh Tiền Giang',1,22451),(161699,'Ấp Me - Thị trấn Tân Hiệp - Huyện Châu Thành - Tỉnh Tiền Giang',2,22451),(161700,'Ấp Me - Thị trấn Tân Hiệp - Huyện Châu Thành - Tỉnh Tiền Giang',1,22451),(161701,'Ấp Me - Thị trấn Tân Hiệp - Huyện Châu Thành - Tỉnh Tiền Giang',2,22451),(161702,'Ấp Me - Thị trấn Tân Hiệp - Huyện Châu Thành - Tỉnh Tiền Giang',3,22451),(161703,'Ấp Me - Thị trấn Tân Hiệp - Huyện Châu Thành - Tỉnh Tiền Giang',3,22451),(161704,'Ấp Me - Thị trấn Tân Hiệp - Huyện Châu Thành - Tỉnh Tiền Giang',3,22451),(161706,'Ấp Me - Thị trấn Tân Hiệp - Huyện Châu Thành - Tỉnh Tiền Giang',3,22451),(161707,'Ấp Me - Thị trấn Tân Hiệp - Huyện Châu Thành - Tỉnh Tiền Giang',3,22451),(161709,'Ấp Me - Thị trấn Tân Hiệp - Huyện Châu Thành - Tỉnh Tiền Giang',3,22451),(161710,'Ấp Me - Thị trấn Tân Hiệp - Huyện Châu Thành - Tỉnh Tiền Giang',3,22451),(161711,'Ấp Me - Thị trấn Tân Hiệp - Huyện Châu Thành - Tỉnh Tiền Giang',3,22451),(161713,'Ấp Me - Thị trấn Tân Hiệp - Huyện Châu Thành - Tỉnh Tiền Giang',3,22451),(161714,'Ấp Me - Thị trấn Tân Hiệp - Huyện Châu Thành - Tỉnh Tiền Giang',3,22451),(161715,'Ấp Me - Thị trấn Tân Hiệp - Huyện Châu Thành - Tỉnh Tiền Giang',3,22451),(161716,'Ấp Me - Thị trấn Tân Hiệp - Huyện Châu Thành - Tỉnh Tiền Giang',3,22451),(161718,'Ấp Me - Thị trấn Tân Hiệp - Huyện Châu Thành - Tỉnh Tiền Giang',3,22451),(161719,'Ấp Me - Thị trấn Tân Hiệp - Huyện Châu Thành - Tỉnh Tiền Giang',3,22451),(161720,'Ấp Me - Thị trấn Tân Hiệp - Huyện Châu Thành - Tỉnh Tiền Giang',3,22451),(161721,'Ấp Me - Thị trấn Tân Hiệp - Huyện Châu Thành - Tỉnh Tiền Giang',3,22451),(161722,'Ấp Me - Thị trấn Tân Hiệp - Huyện Châu Thành - Tỉnh Tiền Giang',3,22451),(244515,'Ấp Me, TT Tân Hiệp, CT, TG - Ấp Me - Thị trấn Tân Hiệp - Huyện Châu Thành - Tỉnh Tiền Giang',3,22451),(245450,'ấp Me, TT Tân Hiệp, CT, TG - Ấp Me - Thị trấn Tân Hiệp - Huyện Châu Thành - Tỉnh Tiền Giang',3,22451),(245451,'ấp Me, TT Tân Hiệp, CT, TG - Ấp Me - Thị trấn Tân Hiệp - Huyện Châu Thành - Tỉnh Tiền Giang',3,22451),(245452,'ấp Me, TT Tân Hiệp, CT, TG - Ấp Me - Thị trấn Tân Hiệp - Huyện Châu Thành - Tỉnh Tiền Giang',3,22451),(245453,'ấp Me, TT Tân Hiệp, CT, TG - Ấp Me - Thị trấn Tân Hiệp - Huyện Châu Thành - Tỉnh Tiền Giang',3,22451),(245454,'ấp Me, TT Tân Hiệp, CT, TG - Ấp Me - Thị trấn Tân Hiệp - Huyện Châu Thành - Tỉnh Tiền Giang',3,22451),(245455,'ấp Me, TT Tân Hiệp, CT, TG - Ấp Me - Thị trấn Tân Hiệp - Huyện Châu Thành - Tỉnh Tiền Giang',3,22451),(245456,'ấp Me, TT Tân Hiệp, CT, TG - Ấp Me - Thị trấn Tân Hiệp - Huyện Châu Thành - Tỉnh Tiền Giang',3,22451),(245457,'ấp Me, TT Tân Hiệp, CT, TG - Ấp Me - Thị trấn Tân Hiệp - Huyện Châu Thành - Tỉnh Tiền Giang',3,22451),(245458,'ấp Me, TT Tân Hiệp, CT, TG - Ấp Me - Thị trấn Tân Hiệp - Huyện Châu Thành - Tỉnh Tiền Giang',3,22451),(245459,'ấp Me, TT Tân Hiệp, CT, TG - Ấp Me - Thị trấn Tân Hiệp - Huyện Châu Thành - Tỉnh Tiền Giang',3,22451),(245460,'ấp Me, TT Tân Hiệp, CT, TG - Ấp Me - Thị trấn Tân Hiệp - Huyện Châu Thành - Tỉnh Tiền Giang',3,22451),(245461,'Ấp Me - Thị trấn Tân Hiệp - Huyện Châu Thành - Tỉnh Tiền Giang',3,22451),(267365,'Ấp Me, Thị trấn Tân Hiệp, Huyện Châu Thành, Tỉnh Tiền Giang',3,22451),(267375,'Ấp Me, Thị trấn Tân Hiệp, Huyện Châu Thành, Tỉnh Tiền Giang',3,22451),(267384,'Ấp Me, Thị trấn Tân Hiệp, Huyện Châu Thành, Tỉnh Tiền Giang',3,22451),(267392,'Ấp Me, Thị trấn Tân Hiệp, Huyện Châu Thành, Tỉnh Tiền Giang',3,22451),(267402,'Ấp Me, Thị trấn Tân Hiệp, Huyện Châu Thành, Tỉnh Tiền Giang',3,22451),(267409,'Ấp Me, Thị trấn Tân Hiệp, Huyện Châu Thành, Tỉnh Tiền Giang',3,22451),(267421,'Ấp Me, Thị trấn Tân Hiệp, Huyện Châu Thành, Tỉnh Tiền Giang',3,22451),(267430,'Ấp Me, Thị trấn Tân Hiệp, Huyện Châu Thành, Tỉnh Tiền Giang',3,22451),(267441,'Ấp Me, Thị trấn Tân Hiệp, Huyện Châu Thành, Tỉnh Tiền Giang',3,22451),(267451,'Ấp Me, Thị trấn Tân Hiệp, Huyện Châu Thành, Tỉnh Tiền Giang',3,22451),(268672,'Ấp Me, Thị trấn Tân Hiệp, Huyện Châu Thành, Tỉnh Tiền Giang',3,22451),(293809,'Ấp Me, Thị trấn Tân Hiệp, Huyện Châu Thành, Tỉnh Tiền Giang',3,22451),(293810,'Ấp Me, Thị trấn Tân Hiệp, Huyện Châu Thành, Tỉnh Tiền Giang',3,22451),(293817,'Ấp Me, Thị trấn Tân Hiệp, Huyện Châu Thành, Tỉnh Tiền Giang',3,22451),(293819,'Ấp Me, Thị trấn Tân Hiệp, Huyện Châu Thành, Tỉnh Tiền Giang',3,22451),(293820,'New Address',3,22451),(293821,'',3,22451),(293822,'',3,22451),(293823,'',3,22451),(293826,'',3,22451),(293827,'',3,22451),(293828,'',3,22451),(293829,'',3,22451),(293830,'',3,22451),(293831,'',3,22451),(293832,'',3,22451),(293833,'',3,156479);
/*!40000 ALTER TABLE `giadinh` ENABLE KEYS */;
UNLOCK TABLES;

--
-- Table structure for table `hinhthuctrogiup`
--

DROP TABLE IF EXISTS `hinhthuctrogiup`;
/*!40101 SET @saved_cs_client     = @@character_set_client */;
/*!40101 SET character_set_client = utf8 */;
CREATE TABLE `hinhthuctrogiup` (
  `id_hinhthuc` int(20) NOT NULL AUTO_INCREMENT,
  `tenhinhthuc` varchar(50) NOT NULL,
  `chahinhthuc` int(10) NOT NULL,
  PRIMARY KEY (`id_hinhthuc`)
) ENGINE=InnoDB AUTO_INCREMENT=331 DEFAULT CHARSET=utf8;
/*!40101 SET character_set_client = @saved_cs_client */;

--
-- Dumping data for table `hinhthuctrogiup`
--

LOCK TABLES `hinhthuctrogiup` WRITE;
/*!40000 ALTER TABLE `hinhthuctrogiup` DISABLE KEYS */;
INSERT INTO `hinhthuctrogiup` VALUES (310,'1 Trợ giúp xã hội',0),(311,'2 Trợ giúp y tế',0),(312,'3 Trợ giúp giáo dục đào tạo và giáo dục nghề nghiệ',0),(313,'4 Trợ giúp pháp lý, hỗ trợ tư vấn',0),(314,'5 Trợ giúp khác ',0),(315,'1.1 Trợ giúp thường xuyên tại cộng đồng ',310),(316,'1.2 Trợ giúp đột xuất ',310),(317,'1.1.1 Trợ giúp tại cộng đồng ',315),(318,'1.1.2 Nuôi dưỡng tập chung tại các trung tâm / cơ ',315),(319,'2.1 Được cấp thẻ bảo hiểm y tế ',311),(320,'2.2 Được khám chữa bệnh miễn phí ',311),(321,'2.3 Được chỉnh hình, phục hồi chức năng tại trung ',311),(322,'2.4 Được hỗ trợ điều trị HIV/AIDS ',311),(323,'2.5 Được trợ giúp y tế khác ',311),(324,'3.1 Được miễn giảm học phí ',312),(325,'3.2 Được trợ cấp học bổng ',312),(326,'3.3 Được đào tạo và giáo dục nghề nghiệp ',312),(327,'3.4 Được trợ giúp giáo dục khác ',312),(328,'4.1 Được trợ giúp tư vấn tâm lý',313),(329,'4.2 Được hỗ trợ pháp lý ',313),(330,'4.3 Được trợ giúp tư vấn, hỗ trợ pháp lý khác ',313);
/*!40000 ALTER TABLE `hinhthuctrogiup` ENABLE KEYS */;
UNLOCK TABLES;

--
-- Table structure for table `hoancanh`
--

DROP TABLE IF EXISTS `hoancanh`;
/*!40101 SET @saved_cs_client     = @@character_set_client */;
/*!40101 SET character_set_client = utf8 */;
CREATE TABLE `hoancanh` (
  `id_hoancanh` int(20) NOT NULL AUTO_INCREMENT,
  `ten_hoancanh` varchar(255) NOT NULL,
  `cha` int(10) NOT NULL,
  `id_loaihoancanh` int(10) NOT NULL,
  PRIMARY KEY (`id_hoancanh`),
  KEY `hoancanh_ibfk_1` (`id_loaihoancanh`),
  CONSTRAINT `hoancanh_ibfk_1` FOREIGN KEY (`id_loaihoancanh`) REFERENCES `loaihoancanh` (`id_loaihoancanh`)
) ENGINE=InnoDB AUTO_INCREMENT=402 DEFAULT CHARSET=utf8;
/*!40101 SET character_set_client = @saved_cs_client */;

--
-- Dumping data for table `hoancanh`
--

LOCK TABLES `hoancanh` WRITE;
/*!40000 ALTER TABLE `hoancanh` DISABLE KEYS */;
INSERT INTO `hoancanh` VALUES (286,'1 Trẻ em mồ côi cả cha và mẹ ',0,165),(287,'2 Trẻ em bị bỏ rơi ',0,165),(288,'3 Trẻ em không nơi nương tự',0,165),(289,'4.Trẻ em khuyết tật',0,165),(290,'5 Trẻ em nhiễm HIV/AIDS',0,165),(291,'6 Trẻ em vi phạm pháp luật',0,165),(292,'7 Trẻ em nghiện ma túy',0,165),(293,'8 Trẻ em phải bỏ học kiếm sống chưa hoàn thành phổ cập giáo dục trung học cơ sở',0,165),(294,'9 Trẻ em bị tổn hại nghiêm trọng về thể chất và tinh thần do bị bạo lực ',0,165),(295,'10 Trẻ em bị bóc lột',0,165),(296,'11 Trẻ em bị xâm hại tình dục',0,165),(297,'12 Trẻ em bị mua bán',0,165),(298,'13 Trẻ em mắc bệnh hiểm nghèo hoặc bệnh phải điều trị dài ngày thuộc hộ nghèo hoặc hộ cận nghèo',0,165),(299,'14 Trẻ em di cư, trẻ em lánh nạn, tị nạn chưa xác định được cha mẹ hoặc không có người chăm sóc',0,165),(300,'1 Trẻ em sống trong gia đình nghèo, cận nghèo ',0,166),(301,'2 Trẻ em bỏ học - chưa học xong chương trình THCS ',0,166),(302,'1 Trẻ em bị bắt cóc, chiếm đoạt, đánh tráo',0,167),(303,'3 Trẻ em sống trong các gia đình có vấn đề xã hội (cha mẹ ly hôn, bạo lực gia đình, có người nhiễm HIV/AIDS)',0,166),(304,'4 Trẻ em sống trong gia đình có người mắc tệ nạn xã hội (cha, mẹ, người nuôi dưỡng hoặc thành viên trong gia đình trực tiếp nghiệm ma túy, cờ bạc, trộm cắp, mại dâm) ',0,166),(305,'5 Trẻ em sống trong gia đình có người vi phạm pháp luật (cha, mẹ, người nuôi dưỡng hoặc thành viên gia đình đang trong thời gian thi hành án) ',0,166),(306,'6 Trẻ em sống trong gia đình có cha mẹ làm ăn xa (trẻ em dưới 16 tuổi phải sống xa bố hoặc mẹ, hoặc cả bố và mẹ liên tục từ 6 tháng trở lên do bố mẹ đi làm ăn xa) ',0,166),(307,'7 Trẻ em mồi côi cha hoặc mồ côi mẹ ',0,166),(309,'2.1 Tử vong do tai nạn thương tích',397,167),(331,'1.1 Không có người chăm sóc',286,165),(332,'1.2 Được nuôi dưỡng trong cơ sở cung cấp dịch vụ bảo vệ trẻ em hoặc cơ sở trợ giúp xã hội ',286,165),(333,'1.3 Sống với người thân tích',286,165),(334,'1.4 Được nhận chăm sóc thay thế bởi cá nhân, gia đình không phải người thân thích, trừ trường hợp nhận làm con nuôi ',286,165),(335,'2.1 Trẻ em bị bỏ rơi được chăm sóc tại cơ sở cung cấp dịch vụ bảo vệ trẻ em hoặc cơ sở trợ giúp xã hội',287,165),(336,'2.2 Trẻ em bị bỏ rơi được chăm sóc thay thế bởi cá nhân, gia đình',287,165),(337,'3.1 Trẻ em mồ côi cha hoặc mẹ và người còn lại mất tích theo quy định của pháp luật',288,165),(338,'3.2 Trẻ em mồ côi cha hoặc mẹ và người còn lại đang hưởng chế độ chăm sóc, nuôi dưỡng tại các cơ sở trợ giúp xã hội hoặc không còn khả năng chăm sóc, nuôi dưỡng',288,165),(339,'3.3 Trẻ em mồ côi cha hoặc mẹ và người còn lại đang chấp hành án phạt tù tại trại giam hoặc đang chấp hành quyết định đưa vào cơ sở giáo dục bắt buộc, cơ sở cai nghiện bắt buộc ',288,165),(340,'3.4 Trẻ em có cả cha và mẹ mất tích theo quy định của phát luật ',288,165),(341,'3.5 Trẻ em có cha hoặc mẹ mất tích theo quy định của pháp luật và người còn lại đang hưởng chế độ chăm sóc, nuôi dưỡng tại cơ sở trợ giúp xã hội ',288,165),(342,'3.6 Trẻ em có cha hoặc mẹ mất tích theo quy định của pháp luật và người còn lại đang chấp hành án phạt tù tại trại giam hoặc đang chấp hành quyết định đưa vào cơ sở giáo dục bắt buộc, cơ sở cai nghiện bắt buộc ',288,165),(343,'3.7 Trẻ em có cả cha và mẹ không có khả năng chăm sóc',288,165),(344,'3.8 Trẻ em có cả cha và mẹ đang hưởng chăm sóc tại cơ sở trợ giúp xã hội',288,165),(345,'3.9 Trẻ em có cả cha và mẹ đang chấp hành án phạt tù tại trại giam hoặc đang chấp hành quyết định đưa vào cơ sở giáo dục bắt buộc, cơ sở cai nghiện bắt buộc ',288,165),(346,'3.10 Trẻ em có cha hoặc mẹ đang hưởng chế độ chăm sóc, nuôi dưỡng tại cơ sở trợ giúp xã hội và người còn lại đang chấp hành án phạt tù tại trại giam hoặc đang chấp hành quyết định đưa vào cơ sở giáo dục bắt buộc, cơ sở cai nghiện bắt buộc ',288,165),(347,'3.11 Trẻ em sống trong gia đình có cả cha và mẹ trong độ tuổi trẻ em',288,165),(348,'3.12 Trẻ em có cả cha và mẹ bị hạn chế quyền làm cha mẹ hoặc tạm thời cách ly khỏi cha mẹ theo quy định của pháp luật ',288,165),(349,'4.1 Khuyết tật vận động ',289,165),(350,'4.1.1 Trẻ em khuyết tật đặc biệt nặng',349,165),(351,'4.1.2 Trẻ em khuyết tật nặng ',349,165),(352,'4.1.3 Trẻ em khuyết tật nhẹ',349,165),(353,'4.2 Khuyết tật nghe, nói',289,165),(354,'4.2.1 Trẻ em khuyết tật đặc biệt nặng',353,165),(355,'4.2.2 Trẻ em khuyết tật nặng ',353,165),(356,'4.2.3 Trẻ em khuyết tật nhẹ ',353,165),(357,'4.3 Khuyết tật nhìn',289,165),(358,'4.3.1 Trẻ em khuyết tật đặc biệt nặng',357,165),(359,'4.3.2 Trẻ em khuyết tật nặng ',357,165),(360,'4.3.3 Trẻ em khuyết tật nhẹ ',357,165),(361,'4.4 Khuyết tật thần kinh tâm thần',289,165),(362,'4.4.1 Trẻ em khuyết tật đặc biệt nặng',361,165),(363,'4.4.2 Trẻ em khuyết tật nặng ',361,165),(364,'4.4.3 Trẻ em khuyết tật nhẹ',361,165),(365,'4.5 Khuyết tật trí tuệ',289,165),(366,'4.5.1 Trẻ em khuyết tật đặc biệt nặng',365,165),(367,'4.5.2 Trẻ em khuyết tật nặng ',365,165),(368,'4.5.3 Trẻ em khuyết tật nhẹ ',365,165),(369,'4.6 Khuyết tật khác ',289,165),(370,'5.1 Sống với cha mẹ, với người thân thích ',290,165),(371,'5.2 Được nhận chăm sóc thay thế tại cơ sở cung cấp dịch vụ bảo vệ trẻ em hoặc cá nhân, gia đình không phải người thân thích',290,165),(372,'6.1 Trẻ em vi phạm pháp luật đang bị áp dụng biện pháp xử lý hành chính , giáo dục tại xã, phường, thị trấn hoặc biện pháp đưa vào trường giáo dưỡng ; đang bị áp dụng biện pháp thay thế xử lý vi phạm hành chính quản lý tại gia đình ',291,165),(373,'6.2 Trẻ em vi phạm pháp luật chưa xác định được nơi cư trú ổn định đang chấp hành biện pháp xử lý hành chính giáo dục tại xã, phường, thị trấn , tại cơ sở cung cấp dịch vụ bảo vệ trẻ em , cơ sở trợ giúp xã hội ',291,165),(374,'6.3 Trẻ em vi phạm pháp luật đang bị áp dụng biện pháp tư pháp giáo dục tại xã, phường , thị trấn hoặc đưa vào trường giáo dưỡng ; đang bị áp dụng hình phạt cải tạo không giam dữ , tù có thời hạn nhưng được hưởng án treo ',291,165),(375,'6.4 Trẻ em chấp hành xong hình phạt tù có thời hạn hoặc chấp hành xong biện pháp đưa vào trường giáo dưỡng ',291,165),(376,'7.1 Đang ở trong cơ sở cai nghiện ( trường hợp này được theo dõi , quản lý tại các cơ sở tại nghiện) ',292,165),(377,'7.2 Đang áp dụng biện pháp cai nghiện, điều trị nghiện tại gia đình, cộng đồng ',292,165),(378,'8.1 Phải bỏ học kiếm sống chưa hoàn thành phổ cập giáo dục trung học cơ sở không có người chăm sóc ',293,165),(379,'8.2 Phải bỏ học kiếm sống chưa hoàn thành phổ cập giáo dục trung học cơ sở sống cùng cha, mẹ hoặc người chăm sóc ',293,165),(380,'10.1 Trẻ em bị bắt buộc tham gia lao động trái quy định của pháp luật về lao động ',295,165),(381,'10.2 Trẻ em bị rủ rê ,xúi dục,kích động, lợi dụng, lôi kéo, dụ dỗ, ép buộc tham gia các hoạt động trình diễn hoặc bị sử dụng trong sản xuất các sản phẩm kiêu dâm ',295,165),(382,'10.3 Trẻ em bị rủ rê ,xúi dục,kích động, lợi dụng, lôi kéo, dụ dỗ, ép buộc tham gia các hoạt động du lịch mà bị xâm hại tình dục, bị cho, nhận  hoặc cung cấp để hoạt động mại dâm ',295,165),(383,'10.4 Trẻ em bị rủ rê ,xúi dục,kích động, lợi dụng, lôi kéo, dụ dỗ, ép buộc tham gia các hoạt động vận chuyển, mua bán, sản xuất, tàng trữ chất gây nghiện và các hàng hóa khác bị cấm giao dịch theo quy định của pháp luật',295,165),(384,'10.5 Trẻ em bị rủ rê ,xúi dục,kích động, lợi dụng, lôi kéo, dụ dỗ, ép buộc tham gia các hoạt động trục lợi khác ',295,165),(385,'11.1 Trẻ em bị hiếp dâm ',296,165),(386,'11.2 Trẻ em bị cưỡng dâm ',296,165),(387,'11.3 Trẻ em bị giao cấu ',296,165),(388,'11.4 Trẻ em bị dâm ô ',296,165),(389,'11.5 Trẻ em bị sử dụng vào mục đích mại dâm, khiêu dâm dưới mọi hình thức',296,165),(390,'12.1 Trở về sống với cha, mẹ hoặc được người thân thích chăm sóc',297,165),(391,'12.2 Trở về được nhận chăm sóc thay thế bởi cá nhân, gia đình không phải người thân thích',297,165),(392,'13.1 Trẻ em thuộc hộ nghèo mắc bệnh hiểm nghèo hoặc bệnh phải điều trị dài ngày theo quy định của cơ quan có thẩm quyền',298,165),(393,'13.2 Trẻ em thuộc hộ cận nghèo mắc bệnh hiểm nghèo hoặc bệnh phải điều trị dài ngày theo quy định của cơ quan có thẩm quyền ',298,165),(394,'14.1 Trẻ em là công dân Việt Nam di cư , lánh nạn trong nước chưa xác định được cha mẹ hoặc không có người chăm sóc ',299,165),(395,'14.2 Trẻ em có quốc tịch nước ngoài di cư, lánh nạn , tị nạn không có người chăm sóc ',299,165),(396,'14.3 Trẻ em chưa xác định được quốc tịch , chưa xác định được cha mẹ hoặc không có người chăm sóc di cư, lánh nạn , tị nạn vào việt nam ',299,165),(397,'2 Trẻ em bị tai nạn thương tích',0,167),(398,'1.1 Trong đó trẻ em sống trong gia đình nghèo',300,166),(399,'1.2 Trẻ em sống trong gia đình cận nghèo',300,166),(400,'2.1.1 Tử  vong do đuối nước',309,167),(401,'2.1.2 Tử vong do tai nạn thương tích',309,167);
/*!40000 ALTER TABLE `hoancanh` ENABLE KEYS */;
UNLOCK TABLES;

--
-- Table structure for table `hoancanhgiadinh`
--

DROP TABLE IF EXISTS `hoancanhgiadinh`;
/*!40101 SET @saved_cs_client     = @@character_set_client */;
/*!40101 SET character_set_client = utf8 */;
CREATE TABLE `hoancanhgiadinh` (
  `id_hoancanhgiadinh` int(20) NOT NULL AUTO_INCREMENT,
  `ten_hoancanhgiadinh` varchar(100) NOT NULL,
  `ngaytao` timestamp NOT NULL DEFAULT CURRENT_TIMESTAMP,
  `ngaycapnhat` timestamp NOT NULL DEFAULT CURRENT_TIMESTAMP,
  PRIMARY KEY (`id_hoancanhgiadinh`)
) ENGINE=InnoDB AUTO_INCREMENT=4 DEFAULT CHARSET=utf8;
/*!40101 SET character_set_client = @saved_cs_client */;

--
-- Dumping data for table `hoancanhgiadinh`
--

LOCK TABLES `hoancanhgiadinh` WRITE;
/*!40000 ALTER TABLE `hoancanhgiadinh` DISABLE KEYS */;
INSERT INTO `hoancanhgiadinh` VALUES (1,'Hộ nghèo','2020-11-22 18:22:02','2020-11-22 18:22:02'),(2,'Hộ cận nghèo','2020-11-22 18:22:02','2020-11-22 18:22:02'),(3,'Bình thường','2020-11-22 18:22:02','2020-11-22 18:22:02');
/*!40000 ALTER TABLE `hoancanhgiadinh` ENABLE KEYS */;
UNLOCK TABLES;

--
-- Table structure for table `loaihoancanh`
--

DROP TABLE IF EXISTS `loaihoancanh`;
/*!40101 SET @saved_cs_client     = @@character_set_client */;
/*!40101 SET character_set_client = utf8 */;
CREATE TABLE `loaihoancanh` (
  `id_loaihoancanh` int(20) NOT NULL AUTO_INCREMENT,
  `ten_loaihoancanh` varchar(255) NOT NULL,
  PRIMARY KEY (`id_loaihoancanh`)
) ENGINE=InnoDB AUTO_INCREMENT=168 DEFAULT CHARSET=utf8;
/*!40101 SET character_set_client = @saved_cs_client */;

--
-- Dumping data for table `loaihoancanh`
--

LOCK TABLES `loaihoancanh` WRITE;
/*!40000 ALTER TABLE `loaihoancanh` DISABLE KEYS */;
INSERT INTO `loaihoancanh` VALUES (165,'Trẻ em có hoàn cảnh đặc biệt'),(166,'Trẻ em có nguy cơ rơi vào hoàn cảnh đặc biệt'),(167,'Trẻ em thuộc hoàn cảnh khác');
/*!40000 ALTER TABLE `loaihoancanh` ENABLE KEYS */;
UNLOCK TABLES;

--
-- Table structure for table `person`
--

DROP TABLE IF EXISTS `person`;
/*!40101 SET @saved_cs_client     = @@character_set_client */;
/*!40101 SET character_set_client = utf8 */;
CREATE TABLE `person` (
  `id_person` int(20) NOT NULL AUTO_INCREMENT,
  `hoten` varchar(50) NOT NULL,
  `ngaysinh` datetime NOT NULL,
  `gioitinh` varchar(10) NOT NULL,
  `dantoc` varchar(10) NOT NULL,
  `sodienthoai` varchar(20) DEFAULT NULL,
  `trinhdohocvan` varchar(50) DEFAULT NULL,
  `ghichu` text,
  `trangthai` int(1) NOT NULL DEFAULT '0',
  `ngaytao` timestamp NOT NULL DEFAULT CURRENT_TIMESTAMP,
  `ngaycapnhat` timestamp NOT NULL DEFAULT CURRENT_TIMESTAMP ON UPDATE CURRENT_TIMESTAMP,
  `ngayxoa` timestamp NOT NULL DEFAULT CURRENT_TIMESTAMP ON UPDATE CURRENT_TIMESTAMP,
  `cha` int(20) DEFAULT NULL,
  `me` int(20) DEFAULT NULL,
  `cmnd` varchar(10) DEFAULT NULL,
  PRIMARY KEY (`id_person`),
  UNIQUE KEY `cmnd_unique` (`cmnd`),
  KEY `person_ibfk_1` (`cha`),
  KEY `person_ibfk_2` (`me`),
  CONSTRAINT `person_ibfk_1` FOREIGN KEY (`cha`) REFERENCES `person` (`id_person`),
  CONSTRAINT `person_ibfk_2` FOREIGN KEY (`me`) REFERENCES `person` (`id_person`)
) ENGINE=InnoDB AUTO_INCREMENT=406140 DEFAULT CHARSET=utf8;
/*!40101 SET character_set_client = @saved_cs_client */;

--
-- Dumping data for table `person`
--

LOCK TABLES `person` WRITE;
/*!40000 ALTER TABLE `person` DISABLE KEYS */;
INSERT INTO `person` VALUES (10060,'Trần Văn Cê','1981-11-23 00:00:00','Nam','Kinh','0355511015',NULL,NULL,0,'2020-11-23 16:02:43','2020-11-23 16:02:43','2020-11-23 16:02:43',NULL,NULL,'487891485'),(10061,'Nguyễn Thị A','1971-11-23 00:00:00','Nữ','Kinh','0855599995',NULL,NULL,0,'2020-11-23 16:02:43','2020-11-23 16:02:43','2020-11-23 16:02:43',NULL,NULL,'634751914'),(10062,'Đoàn Thị Ngoan','1983-11-23 00:00:00','Nữ','Kinh','0355506202',NULL,NULL,0,'2020-11-23 16:02:43','2020-11-23 16:02:43','2020-11-23 16:02:43',NULL,NULL,'896469851'),(10063,'Lê Huỳnh Phương Thảo','1988-11-23 00:00:00','Nữ','Kinh','0555558654',NULL,NULL,0,'2020-11-23 16:02:43','2020-11-23 16:02:43','2020-11-23 16:02:43',NULL,NULL,'301715342'),(10064,'Nguyễn Thanh Sang','1971-11-23 00:00:00','Nam','Kinh','0355537128',NULL,NULL,0,'2020-11-23 16:02:43','2020-11-23 16:02:43','2020-11-23 16:02:43',NULL,NULL,'187276051'),(10065,'Nguyễn Ngọc Sơn','1977-11-23 00:00:00','Nam','Kinh','0355557873',NULL,NULL,0,'2020-11-23 16:02:43','2020-11-23 16:02:43','2020-11-23 16:02:43',NULL,NULL,'478160817'),(10066,'Trần Thị Kim Lan','1982-11-23 00:00:00','Nữ','Kinh','0555592987',NULL,NULL,0,'2020-11-23 16:02:43','2020-11-23 16:02:43','2020-11-23 16:02:43',NULL,NULL,'567974765'),(10067,'Võ Thị Ngọc Bích','1982-11-23 00:00:00','Nữ','Kinh','0855528794',NULL,NULL,0,'2020-11-23 16:02:43','2020-11-23 16:02:43','2020-11-23 16:02:43',NULL,NULL,'140469587'),(10068,'Phan Văn Cường','1973-11-23 00:00:00','Nam','Kinh','0555541947',NULL,NULL,0,'2020-11-23 16:02:43','2020-11-23 16:02:43','2020-11-23 16:02:43',NULL,NULL,'451329997'),(10069,'Phan Thị Lan','1974-11-23 00:00:00','Nữ','Kinh','0355570066',NULL,NULL,0,'2020-11-23 16:02:43','2020-11-23 16:02:43','2020-11-23 16:02:43',NULL,NULL,'114372930'),(10070,'Nguyễn Thị Xang','1989-11-23 00:00:00','Nữ','Kinh','0355554858',NULL,NULL,0,'2020-11-23 16:02:43','2020-11-23 16:02:43','2020-11-23 16:02:43',NULL,NULL,'465187048'),(10071,'Lê Thị Sáu','1974-11-23 00:00:00','Nữ','Kinh','0555507267',NULL,NULL,0,'2020-11-23 16:02:43','2020-11-23 16:02:43','2020-11-23 16:02:43',NULL,NULL,'546433210'),(10072,'Võ Thị Xuân Hương','1986-11-23 00:00:00','Nữ','Kinh','0355574295',NULL,NULL,0,'2020-11-23 16:02:43','2020-11-23 16:02:43','2020-11-23 16:02:43',NULL,NULL,'687097438'),(10073,'Phạm Bá Di','1973-11-23 00:00:00','Nam','Kinh','0355595035',NULL,NULL,0,'2020-11-23 16:02:43','2020-11-23 16:02:43','2020-11-23 16:02:43',NULL,NULL,'712246764'),(10074,'Nguyễn Thị Bé','1950-11-23 00:00:00','Nữ','Kinh','0555529216',NULL,NULL,0,'2020-11-23 16:02:43','2020-11-23 16:02:43','2020-11-23 16:02:43',NULL,NULL,'505785337'),(10075,'Nguyễn Trần Phương Tuấn','1977-11-23 00:00:00','Nam','Kinh','0755523418',NULL,NULL,0,'2020-11-23 16:02:43','2020-11-23 16:02:43','2020-11-23 16:02:43',NULL,10074,'701052941'),(10076,'Nguyễn Thị Hen','1978-11-23 00:00:00','Nữ','Kinh','0755571703',NULL,NULL,0,'2020-11-23 16:02:43','2020-11-23 16:02:43','2020-11-23 16:02:43',NULL,NULL,'662106066'),(10077,'Trần Minh Trí','1981-11-23 00:00:00','Nam','Kinh','0755573051',NULL,NULL,0,'2020-11-23 16:02:43','2020-11-23 16:02:43','2020-11-23 16:02:43',NULL,NULL,'586428555'),(10078,'Lê Hoàng Long','1974-11-23 00:00:00','Nam','Kinh','0355557488',NULL,NULL,0,'2020-11-23 16:02:43','2020-11-23 16:02:43','2020-11-23 16:02:43',NULL,NULL,'793973389'),(10079,'Lê Thị Đỗ Uyên','1979-11-23 00:00:00','Nữ','Kinh','0855594585',NULL,NULL,0,'2020-11-23 16:02:43','2020-11-23 16:02:43','2020-11-23 16:02:43',NULL,NULL,'765753238'),(10080,'Lê Phú Quý','1978-11-23 00:00:00','Nam','Kinh','0555563073',NULL,NULL,0,'2020-11-23 16:02:43','2020-11-23 16:02:43','2020-11-23 16:02:43',NULL,NULL,'172129581'),(10081,'Trần Thị Phú','1972-11-23 00:00:00','Nam','Kinh','0355513951',NULL,NULL,0,'2020-11-23 16:02:43','2020-11-23 16:02:43','2020-11-23 16:02:43',NULL,NULL,'923528210'),(10082,'Phạm Văn Thu','1986-11-23 00:00:00','Nam','Kinh','0355550304',NULL,NULL,0,'2020-11-23 16:02:43','2020-11-23 16:02:43','2020-11-23 16:02:43',NULL,NULL,'346670502'),(10083,'Trần Minh Toại','1988-11-23 00:00:00','Nam','Kinh','0955549094',NULL,NULL,0,'2020-11-23 16:02:43','2020-11-23 16:02:43','2020-11-23 16:02:43',NULL,NULL,'668434982'),(10084,'Nguyễn Thị Lắm','1977-11-23 00:00:00','Nữ','Kinh','0555527101',NULL,NULL,0,'2020-11-23 16:02:43','2020-11-23 16:02:43','2020-11-23 16:02:43',NULL,NULL,'452016706'),(10085,'Nguyễn THị Trinh','1971-11-23 00:00:00','Nữ','Kinh','0355529121',NULL,NULL,0,'2020-11-23 16:02:43','2020-11-23 16:02:43','2020-11-23 16:02:43',NULL,NULL,'659403480'),(10086,'Phan Văn Luận','1974-11-23 00:00:00','Nam','Kinh','0355530298',NULL,NULL,0,'2020-11-23 16:02:43','2020-11-23 16:02:43','2020-11-23 16:02:43',NULL,NULL,'572385661'),(10087,'Lê Văn Hi','1976-11-23 00:00:00','Nam','Kinh','0755566751',NULL,NULL,0,'2020-11-23 16:02:43','2020-11-23 16:02:43','2020-11-23 16:02:43',NULL,NULL,'399580569'),(10088,'Võ Công Tuấn','1980-11-23 00:00:00','Nam','Kinh','0555503214',NULL,NULL,0,'2020-11-23 16:02:43','2020-11-23 16:02:43','2020-11-23 16:02:43',NULL,NULL,'715261033'),(10089,'Lâm Mỹ Cẩm Trang','1982-11-23 00:00:00','Nữ','Kinh','0355597608',NULL,NULL,0,'2020-11-23 16:02:43','2020-11-23 16:02:43','2020-11-23 16:02:43',NULL,NULL,'889851556'),(10090,'Huỳnh Hữu Tiến','1975-11-23 00:00:00','Nam','Kinh','0555510282',NULL,NULL,0,'2020-11-23 16:02:43','2020-11-23 16:02:43','2020-11-23 16:02:43',NULL,NULL,'230963835'),(10091,'Lâm Ngọc Liên','1980-11-23 00:00:00','Nữ','Kinh','0555501850',NULL,NULL,0,'2020-11-23 16:02:43','2020-11-23 16:02:43','2020-11-23 16:02:43',NULL,NULL,'926549870'),(10092,'Nguyễn Văn Tú','1974-11-23 00:00:00','Nam','Kinh','0355568774',NULL,NULL,0,'2020-11-23 16:02:43','2020-11-23 16:02:43','2020-11-23 16:02:43',NULL,NULL,'416028336'),(10093,'Lê Ngọc Hằng','1980-11-23 00:00:00','Nữ','Kinh','0555551860',NULL,NULL,0,'2020-11-23 16:02:43','2020-11-23 16:02:43','2020-11-23 16:02:43',NULL,NULL,'169975145'),(10094,'Lê Ngọc Hùng','1985-11-23 00:00:00','Nam','Kinh','0355569186',NULL,NULL,0,'2020-11-23 16:02:43','2020-11-23 16:02:43','2020-11-23 16:02:43',NULL,NULL,'983999945'),(10095,'Kiều Văn Hải','1989-11-23 00:00:00','Nam','Kinh','0555582801',NULL,NULL,0,'2020-11-23 16:02:43','2020-11-23 16:02:43','2020-11-23 16:02:43',NULL,NULL,'450939856'),(10096,'Huỳnh Khả Tú','1975-11-23 00:00:00','Nam','Kinh','0555532246',NULL,NULL,0,'2020-11-23 16:02:43','2020-11-23 16:02:43','2020-11-23 16:02:43',NULL,NULL,'213098531'),(10097,'Huỳnh NGọc Thái','1981-11-23 00:00:00','Nam','Kinh','0755566410',NULL,NULL,0,'2020-11-23 16:02:43','2020-11-23 16:02:43','2020-11-23 16:02:43',NULL,NULL,'750985106'),(10098,'Trần Minh Tuấn','1988-11-23 00:00:00','Nam','Kinh','0555544673',NULL,NULL,0,'2020-11-23 16:02:43','2020-11-23 16:02:43','2020-11-23 16:02:43',NULL,NULL,'833684081'),(10099,'Nguyễn Vũ Thanh Hòa','1978-11-23 00:00:00','Nam','Kinh','0355544032',NULL,NULL,0,'2020-11-23 16:02:43','2020-11-23 16:02:43','2020-11-23 16:02:43',NULL,NULL,'865341593'),(10100,'Nguyễn Thị Trà My','1982-11-23 00:00:00','Nữ','Kinh','0355543888',NULL,NULL,0,'2020-11-23 16:02:43','2020-11-23 16:02:43','2020-11-23 16:02:43',NULL,NULL,'555709943'),(10101,'Nguyễn Phan Huy','1982-11-23 00:00:00','Nam','Kinh','0955596570',NULL,NULL,0,'2020-11-23 16:02:43','2020-11-23 16:02:43','2020-11-23 16:02:43',NULL,NULL,'352778471'),(10102,'Lưu Kiến Nhân','1983-11-23 00:00:00','Nam','Kinh','0355596043',NULL,NULL,0,'2020-11-23 16:02:43','2020-11-23 16:02:43','2020-11-23 16:02:43',NULL,NULL,'938842432'),(10103,'Trần Thảo Vy','1989-11-23 00:00:00','Nữ','Kinh','0355556891',NULL,NULL,0,'2020-11-23 16:02:43','2020-11-23 16:02:43','2020-11-23 16:02:43',NULL,NULL,'947509849'),(10104,'Lê thị Kim Phương','1988-11-23 00:00:00','Nữ','Kinh','0855589163',NULL,NULL,0,'2020-11-23 16:02:43','2020-11-23 16:02:43','2020-11-23 16:02:43',NULL,NULL,'104506660'),(10105,'Nguyễn Thị Bích Liễu','1980-11-23 00:00:00','Nữ','Kinh','0855583328',NULL,NULL,0,'2020-11-23 16:02:43','2020-11-23 16:02:43','2020-11-23 16:02:43',NULL,NULL,'564203417'),(10106,'Nguyễn Vĩnh Thắng','1985-11-23 00:00:00','Nam','Kinh','0355596138',NULL,NULL,0,'2020-11-23 16:02:43','2020-11-23 16:02:43','2020-11-23 16:02:43',NULL,NULL,'611597581'),(10107,'Phạm Ngô Hoàng Huân','1987-11-23 00:00:00','Nam','Kinh','0355554926',NULL,NULL,0,'2020-11-23 16:02:43','2020-11-23 16:02:43','2020-11-23 16:02:43',NULL,NULL,'238793287'),(10108,'Đái Kinh Quốc','1972-11-23 00:00:00','Nam','Kinh','0855562750',NULL,NULL,0,'2020-11-23 16:02:43','2020-11-23 16:02:43','2020-11-23 16:02:43',NULL,NULL,'652090579'),(10109,'Lê Phước Trọng','1972-11-23 00:00:00','Nam','Kinh','0555576422',NULL,NULL,0,'2020-11-23 16:02:43','2020-11-23 16:02:43','2020-11-23 16:02:43',NULL,NULL,'298675460'),(10110,'Đỗ Thị Vân Hạnh','1978-11-23 00:00:00','Nữ','Kinh','0755563593',NULL,NULL,0,'2020-11-23 16:02:43','2020-11-23 16:02:43','2020-11-23 16:02:43',NULL,NULL,'472854820'),(10111,'Nguyễn Thị Kim Huệ','1973-11-23 00:00:00','Nữ','Kinh','0355556097',NULL,NULL,0,'2020-11-23 16:02:43','2020-11-23 16:02:43','2020-11-23 16:02:43',NULL,NULL,'235552240'),(10112,'Phạm Thị Kim Hương','1983-11-23 00:00:00','Nữ','Kinh','0755579952',NULL,NULL,0,'2020-11-23 16:02:43','2020-11-23 16:02:43','2020-11-23 16:02:43',NULL,NULL,'382966089'),(10113,'Phạm Tấn Dũng','1989-11-23 00:00:00','Nam','Kinh','0955546560',NULL,NULL,0,'2020-11-23 16:02:43','2020-11-23 16:02:43','2020-11-23 16:02:43',NULL,NULL,'349400075'),(10114,'Phan Hoàng Sơn','1974-11-23 00:00:00','Nam','Kinh','0355515776',NULL,NULL,0,'2020-11-23 16:02:43','2020-11-23 16:02:43','2020-11-23 16:02:43',NULL,NULL,'161565390'),(10115,'Nguyễn Hồng Phi','1988-11-23 00:00:00','Nam','Kinh','0355558466',NULL,NULL,0,'2020-11-23 16:02:43','2020-11-23 16:02:43','2020-11-23 16:02:43',NULL,NULL,'328914746'),(10116,'Nguyễn Thanh Vũ','1979-11-23 00:00:00','Nam','Kinh','0955509614',NULL,NULL,0,'2020-11-23 16:02:43','2020-11-23 16:02:43','2020-11-23 16:02:43',NULL,NULL,'665690212'),(10117,'Lê Văn Thông','1983-11-23 00:00:00','Nam','Kinh','0555551793',NULL,NULL,0,'2020-11-23 16:02:43','2020-11-23 16:02:43','2020-11-23 16:02:43',NULL,NULL,'388596216'),(10118,'Lê Thị bích Tuyền','1972-11-23 00:00:00','Nữ','Kinh','0355502096',NULL,NULL,0,'2020-11-23 16:02:43','2020-11-23 16:02:43','2020-11-23 16:02:43',NULL,NULL,'636356230'),(10119,'Nguyễn Văn Tư','1978-11-23 00:00:00','Nam','Kinh','0555597708',NULL,NULL,0,'2020-11-23 16:02:43','2020-11-23 16:02:43','2020-11-23 16:02:43',NULL,NULL,'576338788'),(10120,'Lê Văn Cường','1982-11-23 00:00:00','Nam','Kinh','0555556631',NULL,NULL,0,'2020-11-23 16:02:43','2020-11-23 16:02:43','2020-11-23 16:02:43',NULL,NULL,'564944904'),(10121,'Lê Ngọc Diễm','1970-11-23 00:00:00','Nữ','Kinh','0755530739',NULL,NULL,0,'2020-11-23 16:02:43','2020-11-23 16:02:43','2020-11-23 16:02:43',NULL,NULL,'120299282'),(10122,'Hồ Văn Hiển','1976-11-23 00:00:00','Nam','Kinh','0955530795',NULL,NULL,0,'2020-11-23 16:02:43','2020-11-23 16:02:43','2020-11-23 16:02:43',NULL,NULL,'423821255'),(10123,'Nguyễn Phước Thiện','1974-11-23 00:00:00','Nam','Kinh','0955521193',NULL,NULL,0,'2020-11-23 16:02:43','2020-11-23 16:02:43','2020-11-23 16:02:43',NULL,NULL,'260799122'),(10124,'Lương Thị Thanh Tâm','1972-11-23 00:00:00','Nữ','Kinh','0555585439',NULL,NULL,0,'2020-11-23 16:02:43','2020-11-23 16:02:43','2020-11-23 16:02:43',NULL,NULL,'186732024'),(10125,'Nguyễn Thành sơn','1987-11-23 00:00:00','Nam','Kinh','0955520985',NULL,NULL,0,'2020-11-23 16:02:43','2020-11-23 16:02:43','2020-11-23 16:02:43',NULL,NULL,'552772199'),(10126,'Phạm Tấn Tài','1979-11-23 00:00:00','Nam','Kinh','0555520635',NULL,NULL,0,'2020-11-23 16:02:43','2020-11-23 16:02:43','2020-11-23 16:02:43',NULL,NULL,'207207843'),(10127,'Huỳnh Nguyễn Tường Vân','1989-11-23 00:00:00','Nữ','Kinh','0555519292',NULL,NULL,0,'2020-11-23 16:02:43','2020-11-23 16:02:43','2020-11-23 16:02:43',NULL,NULL,'722473783'),(10128,'Lê Nguyễn Hồng Lam','1975-11-23 00:00:00','Nữ','Kinh','0555527310',NULL,NULL,0,'2020-11-23 16:02:43','2020-11-23 16:02:43','2020-11-23 16:02:43',NULL,NULL,'281937092'),(10129,'Nguyễn Quốc Thăng','1972-11-23 00:00:00','Nam','Kinh','0555525518',NULL,NULL,0,'2020-11-23 16:02:43','2020-11-23 16:02:43','2020-11-23 16:02:43',NULL,NULL,'121298404'),(10130,'Tạ Kim Thuận','1972-11-23 00:00:00','Nam','Kinh','0355515206',NULL,NULL,0,'2020-11-23 16:02:43','2020-11-23 16:02:43','2020-11-23 16:02:43',NULL,NULL,'623378760'),(10131,'Trần Mạnh Tiến','1973-11-23 00:00:00','Nam','Kinh','0855557758',NULL,NULL,0,'2020-11-23 16:02:43','2020-11-23 16:02:43','2020-11-23 16:02:43',NULL,NULL,'893874907'),(10132,'Nguyễn Văn Hiền','1981-11-23 00:00:00','Nam','Kinh','0555593564',NULL,NULL,0,'2020-11-23 16:02:43','2020-11-23 16:02:43','2020-11-23 16:02:43',NULL,NULL,'953221365'),(10133,'Phan Thành Phát','1987-11-23 00:00:00','Nam','Kinh','0355522514',NULL,NULL,0,'2020-11-23 16:02:43','2020-11-23 16:02:43','2020-11-23 16:02:43',NULL,NULL,'578245442'),(10134,'Huỳnh Thái Ngọc','1981-11-23 00:00:00','Nam','Kinh','0555561183',NULL,NULL,0,'2020-11-23 16:02:43','2020-11-23 16:02:43','2020-11-23 16:02:43',NULL,NULL,'807237115'),(10135,'Phạm Tiến Dũng','1978-11-23 00:00:00','Nam','Kinh','0855505474',NULL,NULL,0,'2020-11-23 16:02:43','2020-11-23 16:02:43','2020-11-23 16:02:43',NULL,NULL,'299394396'),(10136,'Đặng Hoàng Lợi','1988-11-23 00:00:00','Nam','Kinh','0955555889',NULL,NULL,0,'2020-11-23 16:02:43','2020-11-23 16:02:43','2020-11-23 16:02:43',NULL,NULL,'571538295'),(10137,'Nguyễn Ngọc Thanh Tuyền','1972-11-23 00:00:00','Nam','Kinh','0355547074',NULL,NULL,0,'2020-11-23 16:02:43','2020-11-23 16:02:43','2020-11-23 16:02:43',NULL,NULL,'979464177'),(10138,'Lê Thị Xuân Trang','1972-11-23 00:00:00','Nữ','Kinh','0755598646',NULL,NULL,0,'2020-11-23 16:02:43','2020-11-23 16:02:43','2020-11-23 16:02:43',NULL,NULL,'906529263'),(10139,'Nguyễn Thị Dung','1975-11-23 00:00:00','Nữ','Kinh','0355519007',NULL,NULL,0,'2020-11-23 16:02:43','2020-11-23 16:02:43','2020-11-23 16:02:43',NULL,NULL,'751798639'),(10140,'Lê Ngọc Diễm','1977-11-23 00:00:00','Nữ','Kinh','0755500853',NULL,NULL,0,'2020-11-23 16:02:43','2020-11-23 16:02:43','2020-11-23 16:02:43',NULL,NULL,'921896616'),(10141,'Nguyễn Thùy Phương','1977-11-23 00:00:00','Nữ','Kinh','0755503681',NULL,NULL,0,'2020-11-23 16:02:43','2020-11-23 16:02:43','2020-11-23 16:02:43',NULL,NULL,'987663197'),(10142,'Tô Thanh Giàu','1973-11-23 00:00:00','Nữ','Kinh','0755592086',NULL,NULL,0,'2020-11-23 16:02:43','2020-11-23 16:02:43','2020-11-23 16:02:43',NULL,NULL,'135833038'),(10143,'Nguyễn Anh DŨng','1980-10-20 00:00:00','Nam','Kinh','','Cấp trung học cơ sở',NULL,0,'2020-11-23 18:24:10','2020-11-23 18:24:10','2020-11-23 18:24:10',NULL,NULL,NULL),(230069,'Trần Thị Bê','2020-01-01 00:00:00','Nữ','Kinh',NULL,'null','null',1,'2020-11-23 16:30:34','2020-11-23 16:30:34','2020-11-23 16:30:34',10060,10061,NULL),(230071,'Hoàng Minh Tú','2009-09-28 00:00:00','Nam','Kinh',NULL,NULL,NULL,0,'2020-11-23 16:30:34','2020-11-23 16:30:34','2020-11-23 16:30:34',NULL,10062,NULL),(230073,'Lê Nguyên Duy','2016-05-28 00:00:00','Nam','Kinh',NULL,'Mẫu giáo',NULL,0,'2020-11-23 16:30:34','2020-11-23 16:30:34','2020-11-23 16:30:34',NULL,10063,NULL),(230075,'Nguyễn Trúc Lam','2016-10-10 00:00:00','Nữ','Kinh',NULL,NULL,NULL,0,'2020-11-23 16:30:34','2020-11-23 16:30:34','2020-11-23 16:30:34',10064,NULL,NULL),(230076,'Nguyễn Thị Cẩm Tiên','2016-01-27 00:00:00','Nữ','Kinh',NULL,NULL,NULL,0,'2020-11-23 16:30:34','2020-11-23 16:30:34','2020-11-23 16:30:34',10065,NULL,NULL),(230077,'Nguyễn Ngọc Dư','2017-05-25 00:00:00','Nữ','Kinh',NULL,'Mẫu giáo',NULL,0,'2020-11-23 16:30:34','2020-11-23 16:30:34','2020-11-23 16:30:34',10065,NULL,NULL),(230078,'Trần Quang Nhựt','2006-06-14 00:00:00','Nam','Kinh',NULL,NULL,NULL,0,'2020-11-23 16:30:34','2020-11-23 16:30:34','2020-11-23 16:30:34',NULL,10066,NULL),(230080,'Lê Hoàng Huy','2007-02-02 00:00:00','Nam','Kinh',NULL,NULL,NULL,0,'2020-11-23 16:30:34','2020-11-23 16:30:34','2020-11-23 16:30:34',NULL,10067,NULL),(230081,'Phan Tiến Luật','2017-01-24 00:00:00','Nam','Kinh',NULL,'Mẫu giáo',NULL,0,'2020-11-23 16:30:34','2020-11-23 16:30:34','2020-11-23 16:30:34',10068,NULL,NULL),(230083,'Lê Lâm Ngọc Kha','2005-06-10 00:00:00','Nữ','Kinh',NULL,'Cấp trung học phổ thông',NULL,0,'2020-11-23 16:30:34','2020-11-23 16:30:34','2020-11-23 16:30:34',NULL,10069,NULL),(230084,'Nguyễn Minh Kỳ','2007-02-15 00:00:00','Nam','Kinh',NULL,NULL,NULL,0,'2020-11-23 16:30:34','2020-11-23 16:30:34','2020-11-23 16:30:34',NULL,10070,NULL),(230085,'Nguyễn Hoài Thương','2007-05-09 00:00:00','Nam','Kinh',NULL,NULL,NULL,0,'2020-11-23 16:30:34','2020-11-23 16:30:34','2020-11-23 16:30:34',NULL,10071,NULL),(230086,'Lưu Gia Khang','2006-06-09 00:00:00','Nam','Kinh',NULL,NULL,NULL,0,'2020-11-23 16:30:34','2020-11-23 16:30:34','2020-11-23 16:30:34',NULL,10072,NULL),(230087,'Phạm Bá Thanh','2006-01-07 00:00:00','Nam','Kinh',NULL,NULL,NULL,0,'2020-11-23 16:30:34','2020-11-23 16:30:34','2020-11-23 16:30:34',10073,NULL,NULL),(230088,'Phan Trung Kiên','2012-07-20 00:00:00','Nam','Kinh',NULL,'Cấp tiểu học',NULL,0,'2020-11-23 16:30:34','2020-11-23 16:30:34','2020-11-23 16:30:34',10075,10076,NULL),(230089,'Nguyễn Hữu Khánh','2014-10-31 00:00:00','Nam','Kinh',NULL,NULL,NULL,0,'2020-11-23 16:30:34','2020-11-23 16:30:34','2020-11-23 16:30:34',10075,10076,NULL),(230090,'Trần Ngọc Ánh Dương','2015-02-15 00:00:00','Nam','Kinh',NULL,'Mẫu giáo',NULL,0,'2020-11-23 16:30:34','2020-11-23 16:30:34','2020-11-23 16:30:34',10077,NULL,NULL),(230091,'Lê Như Thùy Dương','2006-10-13 00:00:00','Nữ','Kinh',NULL,NULL,NULL,0,'2020-11-23 16:30:34','2020-11-23 16:30:34','2020-11-23 16:30:34',10078,NULL,NULL),(230092,'Lê Trần Cẩm Giang','2008-01-18 00:00:00','Nữ','Kinh',NULL,'Cấp trung học cơ sở',NULL,0,'2020-11-23 16:30:34','2020-11-23 16:30:34','2020-11-23 16:30:34',10078,NULL,NULL),(230093,'Đặng Thị Phương MInh','2005-02-02 00:00:00','Nữ','Kinh',NULL,NULL,NULL,0,'2020-11-23 16:30:34','2020-11-23 16:30:34','2020-11-23 16:30:34',NULL,10079,NULL),(230094,'Đặng Tấn Vương','2018-04-26 00:00:00','Nữ','Kinh',NULL,'Nhà trẻ',NULL,0,'2020-11-23 16:30:34','2020-11-23 16:30:34','2020-11-23 16:30:34',NULL,10079,NULL),(230095,'Lê Thị Thảo Nguyên','2011-04-02 00:00:00','Nữ','Kinh',NULL,NULL,NULL,0,'2020-11-23 16:30:34','2020-11-23 16:30:34','2020-11-23 16:30:34',10080,NULL,NULL),(230096,'Lê THị Hạnh Nguyên','2016-08-16 00:00:00','Nữ','Kinh',NULL,NULL,NULL,0,'2020-11-23 16:30:34','2020-11-23 16:30:34','2020-11-23 16:30:34',10080,NULL,NULL),(230097,'Dương Tấn Đạt','2016-08-16 00:00:00','Nữ','Kinh',NULL,NULL,NULL,0,'2020-11-23 16:30:34','2020-11-23 16:30:34','2020-11-23 16:30:34',10081,NULL,NULL),(230098,'Phạm Hoàng Khôi Nguyên','2017-09-12 00:00:00','Nam','Kinh',NULL,'Mẫu giáo',NULL,0,'2020-11-23 16:30:34','2020-11-23 16:30:34','2020-11-23 16:30:34',10082,NULL,NULL),(230099,'Trần Minh Triết','2017-09-12 00:00:00','Nam','Kinh',NULL,'Mẫu giáo',NULL,0,'2020-11-23 16:30:34','2020-11-23 16:30:34','2020-11-23 16:30:34',10083,NULL,NULL),(230100,'Tô Kiến Hào','2009-07-14 00:00:00','Nam','Kinh',NULL,NULL,NULL,0,'2020-11-23 16:30:34','2020-11-23 16:30:34','2020-11-23 16:30:34',NULL,10084,NULL),(230102,'Trần Trọng Khang','2006-11-23 00:00:00','Nam','Kinh',NULL,'Cấp trung học cơ sở',NULL,0,'2020-11-23 16:30:34','2020-11-23 16:30:34','2020-11-23 16:30:34',NULL,10085,NULL),(230103,'Phan Hồ Phương Thúy','2004-11-09 00:00:00','Nữ','Kinh',NULL,NULL,NULL,0,'2020-11-23 16:30:34','2020-11-23 16:30:34','2020-11-23 16:30:34',10086,NULL,NULL),(230104,'Phan Ngọc Kim Yến','2014-08-06 00:00:00','Nữ','Kinh',NULL,'Mẫu giáo',NULL,0,'2020-11-23 16:30:34','2020-11-23 16:30:34','2020-11-23 16:30:34',10086,NULL,NULL),(230105,'Phan Huỳnh Ngọc Hân','2015-03-23 00:00:00','Nữ','Kinh',NULL,'Mẫu giáo',NULL,0,'2020-11-23 16:30:34','2020-11-23 16:30:34','2020-11-23 16:30:34',10086,NULL,NULL),(230106,'Lê Ngọc Mỹ Kim','2014-02-17 00:00:00','Nữ','Kinh',NULL,'Mẫu giáo',NULL,0,'2020-11-23 16:30:34','2020-11-23 16:30:34','2020-11-23 16:30:34',10087,NULL,NULL),(230107,'Lê Hoàng Duy Phương','2016-02-05 00:00:00','Nam','Kinh',NULL,NULL,NULL,0,'2020-11-23 16:30:34','2020-11-23 16:30:34','2020-11-23 16:30:34',10087,NULL,NULL),(230108,'Võ Tấn Sang','2012-10-21 00:00:00','Nam','Kinh',NULL,'Cấp tiểu học',NULL,0,'2020-11-23 16:30:34','2020-11-23 16:30:34','2020-11-23 16:30:34',10088,NULL,NULL),(230109,'Hồ Lâm Tấn Phát','2011-09-10 00:00:00','Nam','Kinh',NULL,NULL,NULL,0,'2020-11-23 16:30:34','2020-11-23 16:30:34','2020-11-23 16:30:34',NULL,10089,NULL),(230110,'Huỳnh Hải Trân','2004-11-17 00:00:00','Nam','Kinh',NULL,'Cấp trung học phổ thông',NULL,0,'2020-11-23 16:30:34','2020-11-23 16:30:34','2020-11-23 16:30:34',10090,NULL,NULL),(230111,'Lâm Khánh Linh','2005-01-23 00:00:00','Nữ','Kinh',NULL,NULL,NULL,0,'2020-11-23 16:30:34','2020-11-23 16:30:34','2020-11-23 16:30:34',NULL,10091,NULL),(230112,'Nguyễn Võ Thiên Mỹ','2007-11-16 00:00:00','Nữ','Kinh',NULL,'Cấp trung học cơ sở',NULL,0,'2020-11-23 16:30:34','2020-11-23 16:30:34','2020-11-23 16:30:34',10092,NULL,NULL),(230113,'Dương Kim Ngân','2006-02-28 00:00:00','Nữ','Kinh',NULL,'Cấp trung học cơ sở',NULL,0,'2020-11-23 16:30:34','2020-11-23 16:30:34','2020-11-23 16:30:34',NULL,10093,NULL),(230114,'Dương Kim Ngọc','2010-01-21 00:00:00','Nữ','Kinh',NULL,'Cấp tiểu học',NULL,0,'2020-11-23 16:30:34','2020-11-23 16:30:34','2020-11-23 16:30:34',NULL,10093,NULL),(230115,'Lê Như Ý','2011-10-09 00:00:00','Nữ','Kinh',NULL,'Cấp tiểu học',NULL,0,'2020-11-23 16:30:34','2020-11-23 16:30:34','2020-11-23 16:30:34',10094,NULL,NULL),(230116,'Lê Minh','2013-10-08 00:00:00','Nữ','Kinh',NULL,NULL,NULL,0,'2020-11-23 16:30:34','2020-11-23 16:30:34','2020-11-23 16:30:34',10094,NULL,NULL),(230117,'Kiều Tuấn Đạt','2009-10-26 00:00:00','Nam','Kinh',NULL,NULL,NULL,0,'2020-11-23 16:30:34','2020-11-23 16:30:34','2020-11-23 16:30:34',10095,NULL,NULL),(230118,'Huỳnh Gia Phúc','2013-03-31 00:00:00','Nam','Kinh',NULL,NULL,NULL,0,'2020-11-23 16:30:34','2020-11-23 16:30:34','2020-11-23 16:30:34',10096,NULL,NULL),(230119,'Huỳnh Gia THắng','2017-07-23 00:00:00','Nam','Kinh',NULL,'Mẫu giáo',NULL,0,'2020-11-23 16:30:34','2020-11-23 16:30:34','2020-11-23 16:30:34',10097,NULL,NULL),(230120,'Trần Vũ Kim Ngân','2016-12-01 00:00:00','Nữ','Kinh',NULL,NULL,NULL,0,'2020-11-23 16:30:34','2020-11-23 16:30:34','2020-11-23 16:30:34',10098,NULL,NULL),(230121,'Nguyễn Hòng Cẩm Tú','2007-04-28 00:00:00','Nữ','Kinh',NULL,'Cấp trung học cơ sở',NULL,0,'2020-11-23 16:30:34','2020-11-23 16:30:34','2020-11-23 16:30:34',10099,NULL,NULL),(230122,'Nguyễn Hoàng Yến Như','2012-08-18 00:00:00','Nữ','Kinh',NULL,NULL,NULL,0,'2020-11-23 16:30:34','2020-11-23 16:30:34','2020-11-23 16:30:34',10099,NULL,NULL),(230123,'Lê Tùng Chi','2007-05-12 00:00:00','Nữ','Kinh',NULL,'Cấp trung học cơ sở',NULL,0,'2020-11-23 16:30:34','2020-11-23 16:30:34','2020-11-23 16:30:34',NULL,10100,NULL),(230125,'Nguyễn Huy kiên','2017-07-25 00:00:00','Nam','Kinh',NULL,'Mẫu giáo',NULL,0,'2020-11-23 16:30:34','2020-11-23 16:30:34','2020-11-23 16:30:34',10101,NULL,NULL),(230126,'Lưu Mai Ngọc','2007-05-31 00:00:00','Nữ','Kinh',NULL,NULL,NULL,0,'2020-11-23 16:30:34','2020-11-23 16:30:34','2020-11-23 16:30:34',10102,NULL,NULL),(230127,'Lưu Mai Ngân','2009-11-21 00:00:00','Nữ','Kinh',NULL,NULL,NULL,0,'2020-11-23 16:30:34','2020-11-23 16:30:34','2020-11-23 16:30:34',10102,NULL,NULL),(230129,'Nguyễn Chí Minh Kiên','2004-09-29 00:00:00','Nam','Kinh',NULL,NULL,NULL,0,'2020-11-23 16:30:34','2020-11-23 16:30:34','2020-11-23 16:30:34',NULL,10103,NULL),(230131,'Phạm Lê Mỹ Phụng','2005-08-15 00:00:00','Nữ','Kinh',NULL,'Cấp trung học phổ thông',NULL,0,'2020-11-23 16:30:34','2020-11-23 16:30:34','2020-11-23 16:30:34',NULL,10104,NULL),(230132,'Phạm Lê THanh Tuyền','2007-09-15 00:00:00','Nữ','Kinh',NULL,NULL,NULL,0,'2020-11-23 16:30:34','2020-11-23 16:30:34','2020-11-23 16:30:34',NULL,10104,NULL),(230133,'Phạm Lê Thành Đạt','2011-11-02 00:00:00','Nam','Kinh',NULL,NULL,NULL,0,'2020-11-23 16:30:34','2020-11-23 16:30:34','2020-11-23 16:30:34',NULL,10104,NULL),(230134,'Võ Thị Ngọc Hân','2006-06-12 00:00:00','Nữ','Kinh',NULL,NULL,NULL,0,'2020-11-23 16:30:34','2020-11-23 16:30:34','2020-11-23 16:30:34',NULL,10105,NULL),(230137,'Nguyễn Ngọc Mai','2006-11-12 00:00:00','Nữ','Kinh',NULL,NULL,NULL,0,'2020-11-23 16:30:34','2020-11-23 16:30:34','2020-11-23 16:30:34',10106,NULL,NULL),(230138,'Phạm Lê Đa Thy','2011-01-01 00:00:00','Nữ','Kinh',NULL,NULL,NULL,0,'2020-11-23 16:30:34','2020-11-23 16:30:34','2020-11-23 16:30:34',10107,NULL,NULL),(230139,'Đái Thanh Huyền','2007-08-20 00:00:00','Nữ','Kinh',NULL,NULL,NULL,0,'2020-11-23 16:30:34','2020-11-23 16:30:34','2020-11-23 16:30:34',10108,NULL,NULL),(230140,'Lê Ngọc Tường Lam','2014-05-21 00:00:00','Nữ','Kinh',NULL,'Mẫu giáo',NULL,0,'2020-11-23 16:30:34','2020-11-23 16:30:34','2020-11-23 16:30:34',10109,NULL,NULL),(230143,'Lâm Sơn Thành','2004-11-18 00:00:00','Nam','Kinh',NULL,NULL,NULL,0,'2020-11-23 16:30:34','2020-11-23 16:30:34','2020-11-23 16:30:34',NULL,10110,NULL),(230144,'Phạm Phú Gia','2006-10-06 00:00:00','Nam','Kinh',NULL,'Cấp trung học cơ sở',NULL,0,'2020-11-23 16:30:34','2020-11-23 16:30:34','2020-11-23 16:30:34',NULL,10111,NULL),(230145,'Trần Nguyễn Mỹ Hân','2005-04-08 00:00:00','Nữ','Kinh',NULL,'Cấp trung học phổ thông',NULL,0,'2020-11-23 16:30:34','2020-11-23 16:30:34','2020-11-23 16:30:34',NULL,10112,NULL),(230146,'Trần Xuân Vy','2006-08-03 00:00:00','Nữ','Kinh',NULL,NULL,NULL,0,'2020-11-23 16:30:34','2020-11-23 16:30:34','2020-11-23 16:30:34',NULL,10112,NULL),(230147,'Trần Tuấn Thành','2007-07-09 00:00:00','Nam','Kinh',NULL,NULL,NULL,0,'2020-11-23 16:30:34','2020-11-23 16:30:34','2020-11-23 16:30:34',10113,NULL,NULL),(230148,'Trần Nguyễn Anh Khoa','2012-05-25 00:00:00','Nam','Kinh',NULL,NULL,NULL,0,'2020-11-23 16:30:34','2020-11-23 16:30:34','2020-11-23 16:30:34',10113,NULL,NULL),(230149,'Phạm Mỹ Tâm','2008-08-15 00:00:00','Nữ','Kinh',NULL,'Cấp trung học cơ sở',NULL,0,'2020-11-23 16:30:34','2020-11-23 16:30:34','2020-11-23 16:30:34',10113,NULL,NULL),(230150,'Phạm Mỹ Duyên','2014-09-20 00:00:00','Nữ','Kinh',NULL,'Mẫu giáo',NULL,0,'2020-11-23 16:30:34','2020-11-23 16:30:34','2020-11-23 16:30:34',10113,NULL,NULL),(230151,'Nguyễn Phan Nghi','2009-01-28 00:00:00','Nữ','Kinh',NULL,NULL,NULL,0,'2020-11-23 16:30:34','2020-11-23 16:30:34','2020-11-23 16:30:34',10114,NULL,NULL),(230152,'Nguyễn Phan Nguyên','2015-09-22 00:00:00','Nam','Kinh',NULL,NULL,NULL,0,'2020-11-23 16:30:34','2020-11-23 16:30:34','2020-11-23 16:30:34',10114,NULL,NULL),(349339,'NGuyễn Thị Hoa','2014-01-01 00:00:00','Nam','Kinh',NULL,NULL,NULL,0,'2020-11-23 16:30:34','2020-11-23 16:30:34','2020-11-23 16:30:34',10115,NULL,NULL),(350295,'Nguyễn Trương Ánh Tuyết','2019-02-26 00:00:00','Nữ','Kinh',NULL,NULL,NULL,0,'2020-11-23 16:30:34','2020-11-23 16:30:34','2020-11-23 16:30:34',10116,NULL,NULL),(350296,'Lê Thị Huỳnh Thơ','2014-10-09 00:00:00','Nữ','Kinh',NULL,'Mẫu giáo',NULL,0,'2020-11-23 16:30:34','2020-11-23 16:30:34','2020-11-23 16:30:34',10117,10118,NULL),(350297,'Lê Hưng Thịnh','2013-06-21 00:00:00','Nữ','Kinh',NULL,'Cấp tiểu học',NULL,0,'2020-11-23 16:30:34','2020-11-23 16:30:34','2020-11-23 16:30:34',10117,10118,NULL),(350298,'Lê Phạm Tấn Phát','2018-05-15 00:00:00','Nữ','Kinh',NULL,'Nhà trẻ',NULL,0,'2020-11-23 16:30:34','2020-11-23 16:30:34','2020-11-23 16:30:34',NULL,NULL,NULL),(350299,'Nguyễn Võ Bình An','2018-05-17 00:00:00','Nữ','Kinh',NULL,'Nhà trẻ',NULL,0,'2020-11-23 16:30:34','2020-11-23 16:30:34','2020-11-23 16:30:34',10119,NULL,NULL),(350301,'Lê Đinh Minh Anh','2018-05-09 00:00:00','Nam','Kinh',NULL,'Nhà trẻ',NULL,0,'2020-11-23 16:30:34','2020-11-23 16:30:34','2020-11-23 16:30:34',10120,NULL,NULL),(350302,'Lê Minh Khang','2018-01-09 00:00:00','Nam','Kinh',NULL,'Nhà trẻ',NULL,0,'2020-11-23 16:30:34','2020-11-23 16:30:34','2020-11-23 16:30:34',NULL,10121,NULL),(350303,'Hồ Lê Bảo Vinh','2018-10-11 00:00:00','Nam','Kinh',NULL,'Nhà trẻ',NULL,0,'2020-11-23 16:30:34','2020-11-23 16:30:34','2020-11-23 16:30:34',10122,NULL,NULL),(350304,'Nguyễn Thanh Tuấn','2018-11-21 00:00:00','Nam','Kinh',NULL,'Nhà trẻ',NULL,0,'2020-11-23 16:30:34','2020-11-23 16:30:34','2020-11-23 16:30:34',10123,NULL,NULL),(350305,'Lê Thanh Vy','2018-11-21 00:00:00','Nam','Kinh',NULL,'Nhà trẻ',NULL,0,'2020-11-23 16:30:34','2020-11-23 16:30:34','2020-11-23 16:30:34',NULL,10124,NULL),(350306,'Nguyễn Hoàng Sang','2018-08-12 00:00:00','Nam','Kinh',NULL,'Nhà trẻ',NULL,0,'2020-11-23 16:30:34','2020-11-23 16:30:34','2020-11-23 16:30:34',10125,NULL,NULL),(350307,'Phạm Thành Tâm','2018-03-31 00:00:00','Nam','Kinh',NULL,'Nhà trẻ',NULL,0,'2020-11-23 16:30:34','2020-11-23 16:30:34','2020-11-23 16:30:34',10126,NULL,NULL),(350308,'Huỳnh Gia Nghi','2015-10-22 00:00:00','Nữ','Kinh',NULL,NULL,NULL,0,'2020-11-23 16:30:34','2020-11-23 16:30:34','2020-11-23 16:30:34',NULL,10127,NULL),(374646,'Lê Hoàng','2019-01-21 00:00:00','Nam','Kinh',NULL,NULL,NULL,0,'2020-11-23 16:30:34','2020-11-23 16:30:34','2020-11-23 16:30:34',NULL,10128,NULL),(374657,'Nguyễn Trương Ánh Tuyết','2019-03-27 00:00:00','Nữ','Kinh',NULL,NULL,NULL,0,'2020-11-23 16:30:34','2020-11-23 16:30:34','2020-11-23 16:30:34',10129,NULL,NULL),(374667,'Tạ Tuyết Lâm','2019-04-15 00:00:00','Nữ','Kinh',NULL,NULL,NULL,0,'2020-11-23 16:30:34','2020-11-23 16:30:34','2020-11-23 16:30:34',10130,NULL,NULL),(374675,'Trần Vũ Diễm My','2019-03-05 00:00:00','Nữ','Kinh',NULL,NULL,NULL,0,'2020-11-23 16:30:34','2020-11-23 16:30:34','2020-11-23 16:30:34',10131,NULL,NULL),(374685,'Nguyễn Văn Quốc Hưng','2019-05-16 00:00:00','Nam','Kinh',NULL,NULL,NULL,0,'2020-11-23 16:30:34','2020-11-23 16:30:34','2020-11-23 16:30:34',10132,NULL,NULL),(374692,'Phan Thành Thiện','2019-04-29 00:00:00','Nam','Kinh',NULL,NULL,NULL,0,'2020-11-23 16:30:34','2020-11-23 16:30:34','2020-11-23 16:30:34',10133,NULL,NULL),(374705,'Huỳnh ngọc Kim Ngân','2019-05-31 00:00:00','Nữ','Kinh',NULL,NULL,NULL,0,'2020-11-23 16:30:34','2020-11-23 16:30:34','2020-11-23 16:30:34',10134,NULL,NULL),(374714,'Phạm Mỹ Hoa','2018-11-18 00:00:00','Nữ','Kinh',NULL,'Nhà trẻ',NULL,0,'2020-11-23 16:30:34','2020-11-23 16:30:34','2020-11-23 16:30:34',10135,NULL,NULL),(374725,'Đặng Hoàng Nhi','2019-07-19 00:00:00','Nữ','Kinh',NULL,NULL,NULL,0,'2020-11-23 16:30:34','2020-11-23 16:30:34','2020-11-23 16:30:34',10136,NULL,NULL),(374735,'Phạm Ngọc Linh Ngân','2019-05-28 00:00:00','Nữ','Kinh',NULL,NULL,NULL,0,'2020-11-23 16:30:34','2020-11-23 16:30:34','2020-11-23 16:30:34',10137,NULL,NULL),(376022,'Lê Thị Ngọc Mai','2006-01-01 00:00:00','Nữ','Kinh',NULL,NULL,NULL,0,'2020-11-23 16:30:34','2020-11-23 16:30:34','2020-11-23 16:30:34',NULL,10138,NULL),(406052,'Phan Trung Nhu','2020-03-05 00:00:00','Nam','Kinh',NULL,NULL,NULL,0,'2020-11-23 16:30:34','2020-11-23 16:30:34','2020-11-23 16:30:34',NULL,10139,NULL),(406053,'Lê Bảo Nghi','2020-02-01 00:00:00','Nữ','Kinh',NULL,NULL,NULL,0,'2020-11-23 16:30:34','2020-11-23 16:30:34','2020-11-23 16:30:34',NULL,10140,NULL),(406060,'Nguyễn tạ Phương Anh','2020-04-04 00:00:00','Nữ','Kinh',NULL,NULL,NULL,0,'2020-11-23 16:30:34','2020-11-23 16:30:34','2020-11-23 16:30:34',NULL,10141,NULL),(406062,'Tô Nguyễn Kim Anh','2019-07-12 00:00:00','Nữ','Kinh',NULL,NULL,NULL,0,'2020-11-23 16:30:34','2020-11-23 16:30:34','2020-11-23 16:30:34',NULL,10142,NULL),(406063,'Trần Huỳnh Như Anh','2020-03-13 00:00:00','Nữ','Kinh',NULL,'Cấp tiểu học','null',1,'2020-11-25 08:13:14','2020-11-25 08:13:14','2020-11-25 08:13:14',10060,10061,NULL),(406064,'Trần Huỳnh Như Em','2020-06-13 00:00:00','Nữ','Kinh',NULL,'Cấp tiểu học','',0,'2020-11-25 08:23:39','2020-11-25 08:23:39','2020-11-25 08:23:39',10060,10061,NULL),(406065,'Trần Huỳnh Như Ánh','2020-08-10 00:00:00','Nữ','Kinh',NULL,'Cấp tiểu học','',0,'2020-11-25 08:25:50','2020-11-25 08:25:50','2020-11-25 08:25:50',10060,10061,NULL),(406066,'Trần Huỳnh Như Huỳnh','2019-08-10 00:00:00','Nữ','Kinh',NULL,'Cấp tiểu học','',1,'2020-11-25 08:30:09','2021-01-12 01:45:43','2021-01-12 01:45:43',10060,10061,NULL),(406067,'Trần Huỳnh Như Huỳnh','2019-08-10 00:00:00','Nữ','Kinh',NULL,'Cấp tiểu học','',2,'2020-11-25 08:33:19','2020-11-25 08:33:19','2020-11-25 08:33:19',10060,10061,NULL),(406068,'Trần Thị Diệu Nhi','2018-01-01 00:00:00','Nữ','Kinh',NULL,NULL,NULL,2,'2020-11-26 12:57:35','2020-11-26 12:57:35','2020-11-26 12:57:35',NULL,NULL,NULL),(406069,'Trần Văn Luyện','2020-11-28 00:00:00','Nam','Kinh',NULL,'','',0,'2020-11-27 17:55:03','2020-11-27 17:55:03','2020-11-27 17:55:03',10060,10061,NULL),(406070,'Nguyễn Phương Trinh','1980-12-01 00:00:00','Nữ','Kinh','','',NULL,0,'2020-11-30 18:58:50','2020-11-30 18:58:50','2020-11-30 18:58:50',NULL,NULL,NULL),(406071,'Trần Hoài Nam','1993-12-01 00:00:00','Nam','Kinh','','',NULL,0,'2020-11-30 19:08:36','2020-11-30 19:08:36','2020-11-30 19:08:36',NULL,NULL,NULL),(406072,'Trần Hoài Nam Vương','1993-12-01 00:00:00','Nam','Kinh','','',NULL,0,'2020-11-30 19:10:19','2020-11-30 19:10:19','2020-11-30 19:10:19',NULL,NULL,NULL),(406073,'Trần Hoài Anh','1993-12-01 00:00:00','Nam','Kinh','','',NULL,0,'2020-11-30 19:12:02','2020-11-30 19:12:02','2020-11-30 19:12:02',NULL,NULL,NULL),(406074,'Hà Tuấn Em','1971-12-01 00:00:00','Nam','Kinh','','',NULL,0,'2020-12-01 08:31:26','2020-12-01 08:31:26','2020-12-01 08:31:26',NULL,NULL,NULL),(406075,'Hà Tuấn Em','1981-12-01 00:00:00','Nam','Kinh','','',NULL,0,'2020-12-01 08:34:00','2021-01-12 01:30:54','2021-01-12 01:30:54',NULL,NULL,'362494609'),(406076,'Hà Tuấn Em','1983-12-15 00:00:00','Nam','Kinh','','',NULL,0,'2020-12-01 08:37:11','2020-12-01 08:37:11','2020-12-01 08:37:11',NULL,NULL,NULL),(406077,'Vương Anh Tú','1990-10-03 00:00:00','Nam','Kinh','123456','',NULL,0,'2020-12-01 08:40:16','2021-01-12 01:59:07','2021-01-12 01:59:07',NULL,NULL,'123456789'),(406078,'Nguyễn Lữ','1985-07-04 00:00:00','Nam','Kinh','','',NULL,0,'2020-12-01 09:11:19','2020-12-01 09:11:19','2020-12-01 09:11:19',NULL,NULL,NULL),(406079,'Phan Anh','1975-12-01 00:00:00','Nam','Kinh','','',NULL,0,'2020-12-01 09:17:07','2020-12-01 09:17:07','2020-12-01 09:17:07',NULL,NULL,'362494909'),(406080,'Trần Cao Đệ','1995-12-02 00:00:00','Nam','Kinh','','',NULL,0,'2020-12-01 11:46:30','2020-12-01 11:46:30','2020-12-01 11:46:30',NULL,NULL,NULL),(406081,'Trương Tuấn Tú','1984-12-01 00:00:00','Nam','Kinh','','',NULL,0,'2020-12-01 12:08:31','2020-12-01 12:08:31','2020-12-01 12:08:31',NULL,NULL,NULL),(406082,'Trần Hoài Vũ','1987-12-01 00:00:00','Nam','Kinh','','',NULL,0,'2020-12-01 12:10:47','2020-12-01 12:10:47','2020-12-01 12:10:47',NULL,NULL,NULL),(406083,'Trần Huỳnh Tuấn Tú','1985-12-01 00:00:00','Nam','Kinh','','',NULL,0,'2020-12-01 12:13:00','2020-12-01 12:13:00','2020-12-01 12:13:00',NULL,NULL,NULL),(406084,'Trương Định','1978-12-02 00:00:00','Nam','Kinh','','',NULL,0,'2020-12-01 12:16:08','2020-12-01 12:16:08','2020-12-01 12:16:08',NULL,NULL,NULL),(406085,'tete','1974-12-05 00:00:00','Nam','Kinh','','',NULL,0,'2020-12-01 12:18:19','2020-12-01 12:18:19','2020-12-01 12:18:19',NULL,NULL,'903430933'),(406086,'qq','2020-12-01 00:00:00','Nam','Kinh','','',NULL,0,'2020-12-01 12:20:25','2020-12-01 12:20:25','2020-12-01 12:20:25',NULL,NULL,NULL),(406087,'zz','2020-12-01 00:00:00','Nam','Kinh','','',NULL,0,'2020-12-01 12:24:54','2020-12-01 12:24:54','2020-12-01 12:24:54',NULL,NULL,NULL),(406088,'cxcxc','2020-12-01 00:00:00','Nam','Kinh','','',NULL,0,'2020-12-01 12:26:38','2020-12-01 12:26:38','2020-12-01 12:26:38',NULL,NULL,NULL),(406089,'ookk','2020-12-01 00:00:00','Nam','Kinh','','',NULL,0,'2020-12-01 12:27:38','2020-12-01 12:27:38','2020-12-01 12:27:38',NULL,NULL,NULL),(406090,'rere','2020-12-01 00:00:00','Nam','Kinh','','',NULL,0,'2020-12-01 12:35:01','2020-12-01 12:35:01','2020-12-01 12:35:01',NULL,NULL,NULL),(406091,'gfnfg','2020-12-01 00:00:00','Nam','Kinh','','',NULL,0,'2020-12-01 12:36:13','2020-12-01 12:36:13','2020-12-01 12:36:13',NULL,NULL,NULL),(406092,'Nguyễn Xuân Thứ','2020-09-15 00:00:00','Nam','Kinh',NULL,'null','null',1,'2020-12-02 16:00:00','2020-12-02 16:00:00','2020-12-02 16:00:00',406078,406070,NULL),(406093,'Trần Đệ Huy','2021-12-06 00:00:00','Nam','Kinh',NULL,'null','null',1,'2020-12-04 07:41:51','2020-12-04 07:41:51','2020-12-04 07:41:51',406080,406105,NULL),(406094,'Trần Văn E','0000-00-00 00:00:00','Nam','Kinh',NULL,'Mẫu giáo','Ghi chú 1',2,'2020-12-31 09:43:40','2020-12-31 09:43:40','2020-12-31 09:43:40',10060,10061,NULL),(406095,'Trần Văn E','0000-00-00 00:00:00','Nam','Kinh',NULL,'Mẫu giáo','Ghi chú 1',2,'2020-12-31 09:45:40','2020-12-31 09:45:40','2020-12-31 09:45:40',10060,10061,NULL),(406096,'Trần Văn Yến','0000-00-00 00:00:00','Nam','Kinh','0377553112','null',NULL,0,'2021-01-01 12:59:57','2021-01-01 12:59:57','2021-01-01 12:59:57',NULL,NULL,'169224165'),(406097,'Trần Văn Én','0000-00-00 00:00:00','Nam','Kinh',NULL,'null','Ghi chú 1',0,'2021-01-01 13:21:28','2021-01-01 13:21:28','2021-01-01 13:21:28',406096,NULL,NULL),(406098,'Trần Văn Én','0000-00-00 00:00:00','Nam','Kinh',NULL,'null','Ghi chú 1',0,'2021-01-01 13:23:28','2021-01-01 13:23:28','2021-01-01 13:23:28',406096,NULL,NULL),(406099,'Trần Văn Én','0000-00-00 00:00:00','Nam','Kinh',NULL,'null','Ghi chú 1',0,'2021-01-01 13:24:20','2021-01-01 13:24:20','2021-01-01 13:24:20',406096,NULL,NULL),(406100,'Trần Văn Én','0000-00-00 00:00:00','Nam','Kinh',NULL,'null','Ghi chú 1',0,'2021-01-01 13:26:20','2021-01-01 13:26:20','2021-01-01 13:26:20',406096,NULL,NULL),(406101,'Trần Văn Én','0000-00-00 00:00:00','Nam','Kinh',NULL,'null','Ghi chú 1',2,'2021-01-01 13:28:09','2021-01-01 13:28:09','2021-01-01 13:28:09',406096,NULL,NULL),(406102,'Trần Văn Kia','1980-01-11 00:00:00','Nam','Kinh','0377553112','Cấp trung học phổ thông',NULL,0,'2021-01-01 13:31:15','2021-01-01 13:31:15','2021-01-01 13:31:15',NULL,NULL,'747102805'),(406103,'Trần Bình Trọng','2021-01-03 00:00:00','Nam','Kinh',NULL,'Mẫu giáo','',0,'2021-01-04 08:12:35','2021-01-04 08:12:35','2021-01-04 08:12:35',10060,10061,NULL),(406104,'Nguyễn Nhựt Trường','2021-01-09 00:00:00','Nam','Tày',NULL,'Nhà trẻ','',0,'2021-01-10 14:00:59','2021-01-10 14:00:59','2021-01-10 14:00:59',10060,10061,NULL),(406105,'Trần Diệu Linh Đan','1990-01-03 00:00:00','Nữ','Kinh','','',NULL,0,'2021-01-10 18:16:40','2021-01-10 18:16:40','2021-01-10 18:16:40',NULL,NULL,'362494601'),(406106,'Phan Ái Phương','2021-01-01 00:00:00','Nữ','Kinh',NULL,'Mẫu giáo','null',1,'2021-01-11 07:56:30','2021-01-11 07:56:30','2021-01-11 07:56:30',406079,NULL,NULL),(406107,'Nguyễn Tiến','2021-01-04 00:00:00','Nam','Kinh',NULL,'','',0,'2021-01-11 10:37:17','2021-01-11 10:37:17','2021-01-11 10:37:17',10060,10061,NULL),(406110,'Trần Văn Én','0000-00-00 00:00:00','Nam','Kinh','0377553112','null',NULL,0,'2021-01-11 15:35:31','2021-01-11 15:35:31','2021-01-11 15:35:31',NULL,NULL,'362484751'),(406127,'Trần Văn Thanh','1978-05-20 00:00:00','Nam','Kinh','0377553112','null',NULL,0,'2021-01-11 17:27:21','2021-01-11 17:27:21','2021-01-11 17:27:21',NULL,NULL,'362484888'),(406138,'Trần Văn Sở','1978-05-20 00:00:00','Nam','Kinh',NULL,'null','Ghi chú 1',0,'2021-01-11 17:49:21','2021-01-11 17:49:21','2021-01-11 17:49:21',406127,NULL,NULL),(406139,'Nguyễn A','2021-01-06 00:00:00','Nam','Kinh',NULL,'','',0,'2021-01-12 01:59:35','2021-01-12 01:59:35','2021-01-12 01:59:35',406077,NULL,NULL);
/*!40000 ALTER TABLE `person` ENABLE KEYS */;
UNLOCK TABLES;

--
-- Table structure for table `phanbotrogiup`
--

DROP TABLE IF EXISTS `phanbotrogiup`;
/*!40101 SET @saved_cs_client     = @@character_set_client */;
/*!40101 SET character_set_client = utf8 */;
CREATE TABLE `phanbotrogiup` (
  `id_person` int(20) NOT NULL,
  `id_hinhthuc` int(20) NOT NULL,
  PRIMARY KEY (`id_person`,`id_hinhthuc`),
  KEY `phanbotrogiup_ibfk_1` (`id_hinhthuc`),
  CONSTRAINT `phanbotrogiup_ibfk_1` FOREIGN KEY (`id_hinhthuc`) REFERENCES `hinhthuctrogiup` (`id_hinhthuc`),
  CONSTRAINT `phanbotrogiup_ibfk_2` FOREIGN KEY (`id_person`) REFERENCES `person` (`id_person`)
) ENGINE=InnoDB DEFAULT CHARSET=utf8;
/*!40101 SET character_set_client = @saved_cs_client */;

--
-- Dumping data for table `phanbotrogiup`
--

LOCK TABLES `phanbotrogiup` WRITE;
/*!40000 ALTER TABLE `phanbotrogiup` DISABLE KEYS */;
INSERT INTO `phanbotrogiup` VALUES (230069,310),(230113,310),(230069,311),(230071,314),(406094,314),(406095,314),(230069,315),(230111,315),(230069,316),(230106,316),(230069,317),(230071,317),(350303,317),(230069,318),(230069,319),(230069,320),(230107,320),(230069,321),(230069,322),(230069,323),(350302,324),(230107,326),(230097,327),(374646,328),(230110,329);
/*!40000 ALTER TABLE `phanbotrogiup` ENABLE KEYS */;
UNLOCK TABLES;

--
-- Table structure for table `phongban`
--

DROP TABLE IF EXISTS `phongban`;
/*!40101 SET @saved_cs_client     = @@character_set_client */;
/*!40101 SET character_set_client = utf8 */;
CREATE TABLE `phongban` (
  `id_phongban` int(20) NOT NULL AUTO_INCREMENT,
  `tenphongban` varchar(50) NOT NULL,
  `id_donvi` int(20) NOT NULL,
  PRIMARY KEY (`id_phongban`),
  KEY `phongban_ibfk_1` (`id_donvi`),
  CONSTRAINT `phongban_ibfk_1` FOREIGN KEY (`id_donvi`) REFERENCES `donvi` (`id_donvi`)
) ENGINE=InnoDB AUTO_INCREMENT=12 DEFAULT CHARSET=utf8;
/*!40101 SET character_set_client = @saved_cs_client */;

--
-- Dumping data for table `phongban`
--

LOCK TABLES `phongban` WRITE;
/*!40000 ALTER TABLE `phongban` DISABLE KEYS */;
INSERT INTO `phongban` VALUES (1,'Phòng Ban A',630400),(2,'Phòng Ban B',630400),(3,'Phòng Ban A',630487),(4,'Phòng Ban B',630487),(5,'Phòng Ban A',630000),(6,'Phòng Ban B',630000),(7,'Phòng Ban Cai Lậy',630488),(8,'Phòng Ban Thạnh Lộc - Cai Lậy',630491),(9,'Phòng Ban Long Tiên - Cai Lậy',630492),(10,'Phòng Ban Hội Xuân - Cai Lậy',630493),(11,'Phòng Ban Mỹ Thành Bắc - Cai Lậy',630494);
/*!40000 ALTER TABLE `phongban` ENABLE KEYS */;
UNLOCK TABLES;

--
-- Table structure for table `phuongxa`
--

DROP TABLE IF EXISTS `phuongxa`;
/*!40101 SET @saved_cs_client     = @@character_set_client */;
/*!40101 SET character_set_client = utf8 */;
CREATE TABLE `phuongxa` (
  `id_phuongxa` int(20) NOT NULL AUTO_INCREMENT,
  `ten_phuongxa` varchar(50) NOT NULL,
  `id_quanhuyen` int(20) NOT NULL,
  PRIMARY KEY (`id_phuongxa`),
  KEY `phuongxa_ibfk_1` (`id_quanhuyen`),
  CONSTRAINT `phuongxa_ibfk_1` FOREIGN KEY (`id_quanhuyen`) REFERENCES `quanhuyen` (`id_quanhuyen`)
) ENGINE=InnoDB AUTO_INCREMENT=99020 DEFAULT CHARSET=utf8;
/*!40101 SET character_set_client = @saved_cs_client */;

--
-- Dumping data for table `phuongxa`
--

LOCK TABLES `phuongxa` WRITE;
/*!40000 ALTER TABLE `phuongxa` DISABLE KEYS */;
INSERT INTO `phuongxa` VALUES (15028,'Phường 5',660),(15029,'Phường 4',660),(15030,'Phường 7',660),(15031,'Phường 3',660),(15032,'Phường 1',660),(15033,'Phường 2',660),(15034,'Phường 8',660),(15035,'Phường 6',660),(15036,'Phường 9',660),(15037,'Phường 10',660),(15038,'Phường Tân Long',660),(15039,'Xã Đạo Thạnh',660),(15040,'Xã Trung An',660),(15041,'Xã Mỹ Phong',660),(15042,'Xã Tân Mỹ Chánh',660),(15043,'Xã Phước Thạnh',660),(15044,'Xã Thới Sơn',660),(15045,'Phường 3',661),(15046,'Phường 2',661),(15047,'Phường 4',661),(15048,'Phường 1',661),(15049,'Phường 5',661),(15050,'Xã Long Hưng',661),(15051,'Xã Long Thuận',661),(15052,'Xã Long Chánh',661),(15053,'Xã Long Hòa',661),(15054,'Xã Bình Đông',661),(15055,'Xã Bình Xuân',661),(15056,'Xã Tân Trung',661),(15057,'Thị trấn Mỹ Phước',662),(15058,'Xã Tân Hòa Đông',662),(15059,'Xã Thạnh Tân',662),(15060,'Xã Thạnh Mỹ',662),(15061,'Xã Thạnh Hòa',662),(15062,'Xã Phú Mỹ',662),(15063,'Xã Tân Hòa Thành',662),(15064,'Xã Hưng Thạnh',662),(15065,'Xã Tân Lập 1',662),(15066,'Xã Tân Hòa Tây',662),(15067,'Xã Mỹ Phước',662),(15068,'Xã Tân Lập 2',662),(15069,'Xã Phước Lập',662),(15070,'Thị trấn Cái Bè',663),(15071,'Xã Hậu Mỹ Bắc B',663),(15072,'Xã Hậu Mỹ Bắc A',663),(15073,'Xã Mỹ Trung',663),(15074,'Xã Hậu Mỹ Trinh',663),(15075,'Xã Hậu Mỹ Phú',663),(15076,'Xã Mỹ Tân',663),(15077,'Xã Mỹ Lợi B',663),(15078,'Xã Thiện   Trung',663),(15079,'Xã Mỹ Hội',663),(15080,'Xã An Cư',663),(15081,'Xã Hậu Thành',663),(15082,'Xã Mỹ Lợi A',663),(15083,'Xã Hòa  Khánh',663),(15084,'Xã Thiện  Trí',663),(15085,'Xã Mỹ Đức Đông',663),(15086,'Xã Mỹ Đức Tây',663),(15087,'Xã Đông Hòa Hiệp',663),(15088,'Xã An Thái Đông',663),(15089,'Xã Tân Hưng',663),(15090,'Xã Mỹ Lương',663),(15091,'Xã Tân Thanh',663),(15092,'Xã An Thái Trung',663),(15093,'Xã An Hữu',663),(15094,'Xã Hòa Hưng',663),(15095,'Phường 1',664),(15099,'Xã Mỹ Phước Tây',664),(15100,'Xã Mỹ Hạnh Đông',664),(15101,'Xã Mỹ Hạnh Trung',664),(15103,'Xã Tân Phú',664),(15104,'Xã Tân Bình',664),(15106,'Xã Tân Hội',664),(15108,'Phường Nhị Mỹ',664),(15109,'Xã Nhị Quý',664),(15110,'Xã Thanh Hòa',664),(15111,'Xã Phú Quý',664),(15112,'Xã Long Khánh',664),(15123,'Thị trấn Tân Hiệp',665),(15124,'Xã Tân Hội Đông',665),(15125,'Xã Tân Hương',665),(15126,'Xã Tân Lý Đông',665),(15127,'Xã Tân Lý Tây',665),(15128,'Xã Thân Cửu Nghĩa',665),(15129,'Xã Tam Hiệp',665),(15130,'Xã Điềm Hy',665),(15131,'Xã Nhị Bình',665),(15132,'Xã Dưỡng Điềm',665),(15133,'Xã Đông Hòa',665),(15134,'Xã Long Định',665),(15135,'Xã Hữu Đạo',665),(15136,'Xã Long An',665),(15137,'Xã Long Hưng',665),(15138,'Xã Bình Trưng',665),(15139,'Xã Thạnh Phú',665),(15140,'Xã Bàn Long',665),(15141,'Xã Vĩnh Kim',665),(15142,'Xã Bình Đức',665),(15143,'Xã Song Thuận',665),(15144,'Xã Kim Sơn',665),(15145,'Xã Phú Phong',665),(15146,'Thị trấn Chợ Gạo',666),(15147,'Xã Trung Hòa',666),(15148,'Xã Hòa Tịnh',666),(15149,'Xã Mỹ Tịnh An',666),(15150,'Xã Tân Bình Thạnh',666),(15151,'Xã Phú Kiết',666),(15152,'Xã Lương Hoà Lạc',666),(15153,'Xã Thanh Bình',666),(15154,'Xã Qươn Long',666),(15155,'Xã Bình Phục Nhứt',666),(15156,'Xã Đăng Hưng Phước',666),(15157,'Xã Tân Thuận Bình',666),(15158,'Xã Song Bình',666),(15159,'Xã Bình Phan',666),(15160,'Xã Long Bình Điền',666),(15161,'Xã An Thạnh Thủy',666),(15162,'Xã Xuân Đông',666),(15163,'Xã Hòa Định',666),(15164,'Xã Bình Ninh',666),(15165,'Thị trấn Vĩnh Bình',667),(15166,'Xã Đồng  Sơn',667),(15167,'Xã Bình Phú',667),(15168,'Xã Đồng Thạnh',667),(15169,'Xã Thành Công',667),(15170,'Xã Bình Nhì',667),(15171,'Xã Yên Luông',667),(15172,'Xã Thạnh Trị',667),(15173,'Xã Thạnh Nhựt',667),(15174,'Xã Long Vĩnh',667),(15175,'Xã Bình Tân',667),(15176,'Xã Vĩnh Hựu',667),(15177,'Xã Long Bình',667),(15178,'Thị trấn Tân Hòa',668),(15179,'Xã Tăng Hòa',668),(15180,'Xã Tân Phước',668),(15181,'Xã Gia Thuận',668),(15182,'Thị trấn Vàm Láng',668),(15183,'Xã Tân Tây',668),(15184,'Xã Kiểng Phước',668),(15185,'Xã Tân Đông',668),(15186,'Xã Bình Ân',668),(15187,'Xã Tân Điền',668),(15188,'Xã Bình Nghị',668),(15189,'Xã Phước Trung',668),(15190,'Xã Tân Thành',668),(15191,'Xã Tân Thới',669),(15192,'Xã Tân Phú',669),(15193,'Xã Phú Thạnh',669),(15194,'Xã Tân Thạnh',669),(15195,'Xã Phú Đông',669),(15196,'Xã Phú Tân',669),(22612,'Phường 3',664),(22619,'Phường 2',664),(22622,'Phường 4',664),(84303,'Cẩm Sơn',84302),(84304,'Hội Xuân',84302),(84305,'Long Tiên',84302),(84405,'Thạnh Lộc',84302),(84406,'Mỹ Thành Bắc',84302),(84407,'Phú Cường',84302),(84408,'Mỹ Thành Nam',84302),(84409,'Phú Nhuận',84302),(84410,'Bình Phú',84302),(84411,'Phú An',84302),(84412,'Mỹ Long',84302),(84413,'Hiệp Đức',84302),(84414,'Long Trung',84302),(84415,'Tân Phong',84302),(84416,'Tam Bình',84302),(84417,'Ngũ Hiệp',84302),(84418,'Phường 5',664),(90115,'Ấp Trung Chánh',666),(90116,'Ấp Trung Lợi',666),(90117,'Ấp Trung Thạnh',666),(90118,'Ấp Phú Hòa',666),(90929,'Tăng Hòa',668),(99019,'Hòa Đông',662);
/*!40000 ALTER TABLE `phuongxa` ENABLE KEYS */;
UNLOCK TABLES;

--
-- Table structure for table `quanhuyen`
--

DROP TABLE IF EXISTS `quanhuyen`;
/*!40101 SET @saved_cs_client     = @@character_set_client */;
/*!40101 SET character_set_client = utf8 */;
CREATE TABLE `quanhuyen` (
  `id_quanhuyen` int(20) NOT NULL AUTO_INCREMENT,
  `ten_quanhuyen` varchar(50) NOT NULL,
  `id_tinhthanhpho` int(20) NOT NULL,
  PRIMARY KEY (`id_quanhuyen`),
  KEY `quanhuyen_ibfk_1` (`id_tinhthanhpho`),
  CONSTRAINT `quanhuyen_ibfk_1` FOREIGN KEY (`id_tinhthanhpho`) REFERENCES `tinhthanhpho` (`id_tinhthanhpho`)
) ENGINE=InnoDB AUTO_INCREMENT=84303 DEFAULT CHARSET=utf8;
/*!40101 SET character_set_client = @saved_cs_client */;

--
-- Dumping data for table `quanhuyen`
--

LOCK TABLES `quanhuyen` WRITE;
/*!40000 ALTER TABLE `quanhuyen` DISABLE KEYS */;
INSERT INTO `quanhuyen` VALUES (660,'Thành phố Mỹ Tho',60),(661,'Thị xã Gò Công',60),(662,'Huyện Tân Phước',60),(663,'Huyện Cái Bè',60),(664,'Thi Xã Cai Lậy',60),(665,'Huyện Châu Thành',60),(666,'Huyện Chợ Gạo',60),(667,'Huyện Gò Công Tây',60),(668,'Huyện Gò Công Đông',60),(669,'Huyện Tân Phú Đông',60),(84302,'Huyện Cai Lậy',60);
/*!40000 ALTER TABLE `quanhuyen` ENABLE KEYS */;
UNLOCK TABLES;

--
-- Table structure for table `taikhoan`
--

DROP TABLE IF EXISTS `taikhoan`;
/*!40101 SET @saved_cs_client     = @@character_set_client */;
/*!40101 SET character_set_client = utf8 */;
CREATE TABLE `taikhoan` (
  `id_taikhoan` int(20) NOT NULL AUTO_INCREMENT,
  `tentaikhoan` varchar(50) NOT NULL,
  `matkhau` varchar(255) DEFAULT NULL,
  `tenhienthi` varchar(50) NOT NULL,
  `email` varchar(50) NOT NULL,
  `dakhoa` int(10) DEFAULT '0',
  `id_phongban` int(20) NOT NULL,
  PRIMARY KEY (`id_taikhoan`),
  UNIQUE KEY `tentaikhoan` (`tentaikhoan`),
  KEY `taikhoan_ibfk_1` (`id_phongban`),
  CONSTRAINT `taikhoan_ibfk_1` FOREIGN KEY (`id_phongban`) REFERENCES `phongban` (`id_phongban`)
) ENGINE=InnoDB AUTO_INCREMENT=878460 DEFAULT CHARSET=utf8;
/*!40101 SET character_set_client = @saved_cs_client */;

--
-- Dumping data for table `taikhoan`
--

LOCK TABLES `taikhoan` WRITE;
/*!40000 ALTER TABLE `taikhoan` DISABLE KEYS */;
INSERT INTO `taikhoan` VALUES (100245,'tinhtiengiang','$2b$10$ptMGBIZB0PiHGVYWQ1sRcOCQWPBJuM9YfetKah/7QXrZcTl60Vzea','tinhtiengiang','tiengiang@gmail.vn',0,5),(100246,'admin','$2b$10$9DaouhoWhQpyx9Ys1LL1q.aKAL9m.zHLFTFQSNRe8paGTw1xQNL3.','admin','admin@gmail.com',0,6),(645791,'tg_ct_1','$2b$10$eAMDVtBq2J.ljdXzkaDMe.fjuyFj0Mp3HJJIMYA4wI9cY6m6kqhKG','Tân Hiệp','tanhiep_ct_tg@gmail.com',0,3),(878451,'tg_ct','$2b$10$NPItHsF20ykK.MjCtdh/QusCbXXEgRdBPOPCTdrAb2f8QW8fZNNfu','Châu Thành - TG','chauthanh_tg@gmail.com',0,1),(878452,'A1A1','$2b$10$tqGp3Ok/j3lkI9AWwWDtceJ3v6La3a0ZRp5K3Mph7cJTvc60DRzcS','A1A1','A1@gmail.com',1,6),(878453,'tg_ct_2','$2b$10$eAMDVtBq2J.ljdXzkaDMe.fjuyFj0Mp3HJJIMYA4wI9cY6m6kqhKG','Tân Hiệp 2','tanhiep2@gmail.com',1,3),(878454,'tg_ct_a2','123456789','Châu Thành 2','A2@gmail.com',1,1),(878455,'tg_cl','$2b$10$eAMDVtBq2J.ljdXzkaDMe.fjuyFj0Mp3HJJIMYA4wI9cY6m6kqhKG','Cai Lậy - TG','cailay_tg@gmail.com',0,7),(878456,'tg_cl_1','$2b$10$eAMDVtBq2J.ljdXzkaDMe.fjuyFj0Mp3HJJIMYA4wI9cY6m6kqhKG','Thạnh Lộc','thanhloc_cl_tg@gmail.com',0,8),(878457,'tg_cl_2','$2b$10$eAMDVtBq2J.ljdXzkaDMe.fjuyFj0Mp3HJJIMYA4wI9cY6m6kqhKG','Long Tiên','longtien_cl_tg@gmail.com',0,9),(878458,'tg_cl_3','$2b$10$eAMDVtBq2J.ljdXzkaDMe.fjuyFj0Mp3HJJIMYA4wI9cY6m6kqhKG','Hội Xuân','hoixuan_cl_tg@gmail.com',0,10),(878459,'tg_cl_4','$2b$10$eAMDVtBq2J.ljdXzkaDMe.fjuyFj0Mp3HJJIMYA4wI9cY6m6kqhKG','Mỹ Thành Bắc','mythanhbac_cl_tg@gmail.com',0,11);
/*!40000 ALTER TABLE `taikhoan` ENABLE KEYS */;
UNLOCK TABLES;

--
-- Table structure for table `thon`
--

DROP TABLE IF EXISTS `thon`;
/*!40101 SET @saved_cs_client     = @@character_set_client */;
/*!40101 SET character_set_client = utf8 */;
CREATE TABLE `thon` (
  `id_thon` int(20) NOT NULL AUTO_INCREMENT,
  `tenthon` varchar(50) NOT NULL,
  `id_phuongxa` int(20) NOT NULL,
  `daxoa` int(1) NOT NULL DEFAULT '0',
  PRIMARY KEY (`id_thon`),
  KEY `thon_ibfk_1` (`id_phuongxa`),
  CONSTRAINT `thon_ibfk_1` FOREIGN KEY (`id_phuongxa`) REFERENCES `phuongxa` (`id_phuongxa`)
) ENGINE=InnoDB AUTO_INCREMENT=156480 DEFAULT CHARSET=utf8;
/*!40101 SET character_set_client = @saved_cs_client */;

--
-- Dumping data for table `thon`
--

LOCK TABLES `thon` WRITE;
/*!40000 ALTER TABLE `thon` DISABLE KEYS */;
INSERT INTO `thon` VALUES (22451,'Ấp Me',15123,0),(22483,'khu phố 1',15045,0),(22507,'Khu 1',15146,0),(22532,'khu phố 1',15165,0),(22536,'khu phố 2',15045,0),(22545,'khu phố 3',15045,0),(22552,'Khu phố 2',15165,0),(22554,'ấp 1',15076,0),(22556,'khu phố 4',15045,0),(22559,'Khu phố 3',15165,0),(22566,'Khu phố 4',15165,0),(22576,'Khu phố 5',15165,0),(22580,'Khu phố 6',15165,0),(22620,'Hung Hoa',15050,0),(22628,'Hung Thanh',15050,0),(22629,'khu phố 1',15095,0),(22631,'ấp 2',15076,0),(22633,'Hung Phu',15050,0),(22636,'ấp 3',15076,0),(22637,'Lang Hoang Gia',15050,0),(22673,'Khu 2',15146,0),(84306,'Khu Phố 1',15029,0),(84307,'Khu phố 2',15029,0),(84396,'Khu phố 1',15057,0),(84397,'Khu 2',15070,0),(84398,'Ấp Ga',15123,1),(84399,'Khu phố 1',15178,0),(84400,'ấp Tân Hương',15191,0),(84401,'Ấp 2',84303,0),(84547,'Khu phố 1',15032,0),(84876,'Khu phố 2',15032,0),(84877,'Khu phố 3',15032,0),(84878,'Khu phố 4',15032,0),(84879,'Khu phố 5',15032,0),(84880,'Khu phố 6',15032,0),(84881,'Khu phố 1',15033,0),(84882,'Khu phố 2',15033,0),(84883,'Khu phố 3',15033,0),(84884,'Khu phố 4',15033,0),(84885,'Khu phố 5',15033,0),(84886,'Khu phố 1',15031,0),(84887,'Khu phố 2',15031,0),(84888,'Khu phố 3',15031,0),(84889,'Khu phố 4',15031,0),(84890,'Khu phố 5',15031,0),(84891,'Khu phố 6',15031,0),(84892,'Khu phố 7',15031,0),(84893,'Khu phố 3',15029,0),(84894,'Khu phố 4',15029,0),(84895,'Khu phố 5',15029,0),(84896,'Khu phố 6',15029,0),(84897,'Khu phố 7',15029,0),(84898,'Khu phố 8',15029,0),(84899,'Khu phố 9',15029,0),(84900,'Khu phố 10',15029,0),(84901,'Khu phố 11',15029,0),(88215,'Khu phố 10',15028,0),(88223,'Khu phố 3',15028,0),(88227,'Khu phố 1',15028,0),(88231,'khu phố 4',15028,0),(88236,'khu phố 1',15037,0),(88244,'khu phố 2',15037,0),(88273,'khu phố 1',15035,0),(88275,'Ấp 1',15040,0),(88479,'Khu phố 5',15028,0),(88733,'Khu phố 6',15028,0),(88734,'Khu phố 7',15028,0),(88765,'Ấp An Thiện',15080,0),(88766,'Ấp An BÌnh',15080,0),(88767,'Ấp Mỹ Hoà',15080,0),(88768,'Ấp An Hoà',15080,0),(88769,'Ấp An Thái',15080,0),(88770,'Khu phố 8',15028,0),(88771,'Khu phố 9',15028,0),(88772,'Khu phố 2',15028,0),(88773,'Khu phố 2',15035,0),(88774,'Khu phố 3',15035,0),(88775,'Khu phố 4',15035,0),(88776,'Khu phố 5',15035,0),(88777,'Khu phố 6',15035,0),(88778,'Khu phố 7',15035,0),(88779,'Khu phố 8',15035,0),(88780,'Khu phố 9',15035,0),(88781,'Khu phố 10',15035,0),(88782,'Khu phố 11',15035,0),(88783,'Khu phố 12',15035,0),(88784,'Khu phố Mỹ Thạnh Hưng',15035,0),(88785,'Khu phố 1',15030,0),(88786,'Khu phố 2',15030,0),(88787,'Khu phố 3',15030,0),(88788,'Khu phố 4',15030,0),(88789,'Khu phố 5',15030,0),(88790,'Khu phố 6',15030,0),(88791,'Khu phố 7',15030,0),(88889,'Khu 1',15070,0),(88890,'Khu 3',15070,0),(88891,'Khu 4',15070,0),(88892,'Ấp Hậu Quới',15071,0),(88893,'Ấp Mỹ Trung',15071,0),(88894,'Ấp Mỹ Thuận',15071,0),(88895,'Ấp Hậu Phú 1',15072,0),(88896,'Ấp Hậu Phú 2',15072,0),(88897,'Ấp Hậu Phú 3',15072,0),(88898,'Ấp Mỹ Chánh 4',15072,0),(88899,'Ấp Mỹ Chánh 5',15072,0),(88901,'Ấp Mỹ Hoà',15073,0),(88902,'Ấp Mỹ Hiệp',15073,0),(88903,'Ấp Mỹ Thị A',15073,0),(88904,'Ấp Mỹ Thị B',15073,0),(88905,'Ấp Mỹ Tuờng A',15074,0),(88906,'ẤP Mỹ Tuờng B',15074,0),(88907,'Ấp Mỹ Trinh A',15074,0),(88908,'Ấp Mỹ Trinh B',15074,0),(88909,'Ấp Mỹ Phú A',15075,0),(88910,'Ấp Mỹ Phú B',15075,0),(88911,'Ấp Mỹ Quới',15075,0),(88912,'Ấp 4',15076,0),(88914,'Ấp Lợi Nhơn',15077,0),(88915,'Ấp Hưng Lợi',15077,0),(88916,'Ấp Mỹ Thạnh',15077,0),(88917,'Ấp Lợi Thuận',15077,0),(88918,'Ấp Mỹ Tường',15078,0),(88919,'Ấp Mỹ Trinh',15078,0),(88920,'Ấp Mỹ Lược',15078,0),(88921,'Ấp Mỹ Chánh A',15079,0),(88922,'Ấp Mỹ Chánh B',15079,0),(88923,'Mỹ Trung',15079,0),(88924,'Ấp Mỹ Thuận',15079,0),(88925,'Ấp Lương Ngãi',15090,0),(88926,'Ấp Lương Tín',15090,0),(88927,'Ấp Lương Lễ',15090,0),(88928,'Ấp Lương Nhơn',15090,0),(88929,'Ấp Lương Trí',15090,0),(88930,'Ấp 1',15093,0),(88931,'Ấp 2',15093,0),(88932,'Ấp 3',15093,0),(88933,'Ấp 4',15093,0),(88934,'Ấp 5',15093,0),(88935,'Ấp Hoà',15094,0),(88936,'Ấp Bình',15094,0),(88937,'Ấp Thống',15094,0),(88938,'Ấp Nhất',15094,0),(88939,'Ấp Khu Phố',15094,0),(88940,'Ấp 1',15091,0),(88941,'Ấp 2',15091,0),(88942,'Ấp 3',15091,0),(88943,'Ấp 4',15091,0),(88944,'Ấp 1',15089,0),(88945,'Ấp 2',15089,0),(88946,'Ấp 3',15089,0),(88947,'Ấp 4',15089,0),(88948,'Ấp 1',15092,0),(88949,'Ấp 2',15092,0),(88950,'Ấp 3',15092,0),(88951,'Ấp 4',15092,0),(88952,'Ấp Lợi Trinh',15082,0),(88979,'Ấp Lợi Tường',15082,0),(88980,'Ấp Lợi Nhơn',15082,0),(88981,'Ấp Mỹ An',15082,0),(88983,'Ấp Ấp Mỹ Phú',15085,0),(88984,'Ấp Mỹ Quới',15085,0),(88985,'Ấp Mỹ Hưng C',15085,0),(88986,'Ấp Mỹ Nghĩa 1',15086,0),(88987,'Ấp Mỹ Nghĩa 2',15086,0),(88988,'Ấp Mỹ Thạnh',15086,0),(88989,'Ấp Mỹ An',15086,0),(88990,'Ấp Mỹ Tường',15086,0),(88991,'Ấp An Thạnh',15087,0),(88992,'Ấp An Hoà',15087,0),(88993,'Ấp An Hiệp',15087,0),(88994,'Ấp An Lợi',15087,0),(88995,'Ấp An Ninh',15087,0),(88996,'Ấp Phú Hoà',15087,0),(88997,'Ấp An Bình Đông',15087,0),(88998,'Ấp Mỹ Phúc',15084,0),(88999,'Ấp Mỹ Long',15084,0),(89000,'Ấp Mỹ Hưng',15084,0),(89001,'Ấp Mỹ Phú',15084,0),(89002,'Ấp Mỹ Quới',15084,0),(89003,'Ấp Mỹ Hưng A',15085,0),(89004,'Ấp Hoà Quý',15083,0),(89005,'Ấp Hoà Điền',15083,0),(89006,'Ấp Hoà Phú',15083,0),(89007,'Ấp Hoà Phúc',15083,0),(89008,'Ấp Hoà Hảo',15083,0),(89009,'Ấp Khu Phố',15083,0),(89010,'Ấp Hoà Lược',15083,0),(89011,'Ấp Hậu Hoa',15081,0),(89012,'Ấp Hậu Hoà',15081,0),(89013,'Ấp Hậu Thuận',15081,0),(89014,'Ấp Hậu Vinh',15081,0),(89015,'Ấp Khu phố Cầu Xéo',15081,0),(89016,'Khu phố Mỹ An',15108,0),(89017,'Khu phố Mỹ Lợi',15108,0),(89018,'Khu phố Mỹ Thuận',15108,0),(89019,'Ấp Quý Trinh',15109,0),(89020,'Ấp Quý Phước',15109,0),(89021,'Ấp Quý Lợi',15109,0),(89022,'Ấp Quý Thành',15109,0),(89023,'Ấp Quý Chánh',15109,0),(89024,'Ấp Thanh Bình',15110,0),(89025,'Ấp Thanh Hiệp',15110,0),(89026,'Ấp Thanh Hưng',15110,0),(89027,'Ấp Thanh Sơn',15110,0),(89028,'Ấp Phú Hưng',15111,0),(89029,'Ấp Phú Hoà',15111,0),(89030,'Ấp Phú Mỹ',15111,0),(89031,'Ấp Phú An',15111,0),(89032,'Ấp Mỹ Vĩnh',15112,0),(89033,'Áp Phú Thuận',15112,0),(89034,'Ấp Phú Hiệp',15112,0),(89035,'Ấp Phú Hoà',15112,0),(89036,'Ấp Mỹ Phú',15112,0),(89037,'Ấp Phú Hưng',15112,0),(89038,'Ấp Tân Hoà',15106,0),(89039,'Ấp Tân Phong',15106,0),(89040,'Ấp Tân Thạnh',15106,0),(89041,'Ấp Tân Hiệp',15106,0),(89045,'khu phố 2',15095,0),(89046,'khu phố 3',15095,0),(89047,'khu phố 4',15095,0),(89048,'khu phố 1',22619,0),(89049,'khu phố 2',22619,0),(89050,'khu phố 3',22619,0),(89051,'khu phố 4',22619,0),(89052,'khu phố 5',22619,0),(89053,'khu phố 1',22612,0),(89054,'khu phố 2',22612,0),(89055,'khu phố 3',22612,0),(89056,'khu phố 1',22622,0),(89057,'khu phố 2',22622,0),(89058,'khu phố 3',22622,0),(89059,'khu phố 1',84418,0),(89060,'khu phố 2',84418,0),(89061,'khu phố 3',84418,0),(89667,'Ấp Chợ',15088,0),(89668,'Ấp Đông Thạnh',15088,0),(89669,'Ấp Thái Hòa',15088,0),(89670,'Ấp An Lạc',15088,0),(89671,'ấp Mỹ phú',15100,0),(89672,'Ấp Mỹ Lương',15100,0),(89673,'Ấp Mỹ Bình',15100,0),(89674,'Ấp Mỹ Hội',15100,0),(89675,'Ấp Mỹ Luận',15101,0),(89676,'Ấp Mỹ Đa',15101,0),(89677,'Ấp Mỹ Hòa',15101,0),(89678,'Ấp Mỹ Thạnh',15101,0),(89679,'Ấp Mỹ Lợi',15101,0),(89680,'Ấp Tân Hòa',15103,0),(89681,'Ấp Tân Hiệp',15103,0),(89682,'Ấp Tân An',15103,0),(89683,'Ấp Tân Thới',15103,0),(89684,'Ấp Ấp Bắc',15103,0),(89685,'Ấp 3',15104,0),(89686,'Ấp 5',15104,0),(89687,'Ấp 6',15104,0),(89688,'Ấp 7',15104,0),(89689,'Ấp 1',84405,0),(89690,'Ấp 2',84405,0),(89691,'Ấp 3',84405,0),(89692,'Ấp 4',84405,0),(89693,'Ấp 5',84405,0),(89694,'Ấp 6',84405,0),(89695,'Ấp Phú Lợi',84409,0),(89696,'Ấp Phú Bình',84409,0),(89697,'Ấp Phú Thuận',84409,0),(89698,'Ấp Phú Hòa',84409,0),(89699,'Ấp Phú Tiểu',84409,0),(89700,'Ấp Chà Là',84409,0),(89701,'Ấp Bình Đức',84410,0),(89702,'Ấp Bình Thới',84410,0),(89703,'Ấp Bình Sơn',84410,0),(89704,'Ấp Bình Ninh',84410,0),(89705,'Ấp Bình Hưng',84410,0),(89706,'Ấp Bình Thạnh',84410,0),(89707,'Ấp Bình Long',84410,0),(89708,'Ấp Bình Phong',84410,0),(89709,'Ấp Bình Trị',84410,0),(89710,'Ấp Bình Tịnh',84410,0),(89711,'Ấp Bình Quới',84410,0),(89712,'Ấp 1',84303,0),(89714,'ấp 3',84303,0),(89715,'ấp 4',84303,0),(89716,'ấp 1',84411,0),(89717,'ấp 2',84411,0),(89718,'ấp 3',84411,0),(89719,'ấp 4',84411,0),(89720,'ấp 5',84411,0),(89721,'ấp 6',84411,0),(89722,'ấp 1',84406,0),(89723,'ấp 2',84406,0),(89724,'ấp 3',84406,0),(89725,'ấp 4',84406,0),(89726,'ấp 5',84406,0),(89727,'Ấp Mỹ Hội',84412,0),(89728,'Ấp Mỹ Lợi',84412,0),(89729,'Ấp Mỹ Điền',84412,0),(89730,'Ấp Mỹ Chánh',84412,0),(89731,'Ấp Mỹ Thạnh',84412,0),(89732,'Ấp Mỹ Hòa',84412,0),(89733,'Ấp Mỹ Phú',84412,0),(89734,'Ấp Mỹ Lương',84305,0),(89735,'Ấp Mỹ Thạnh A',84305,0),(89736,'Ấp Mỹ Lợi B',84305,0),(89737,'Ấp Mỹ Lợi A',84305,0),(89738,'Ấp Mỹ Chánh',84305,0),(89739,'Ấp Mỹ HƯng',84305,0),(89740,'Ấp Mỹ Thạnh B',84305,0),(89741,'Ấp 9',84305,0),(89742,'Ấp Mỹ Thuận',84305,0),(89743,'Ấp Hiệp Phú',84413,0),(89744,'Ấp Hiệp Quới',84413,0),(89745,'Ấp Hiệp Nhơn',84413,0),(89746,'Ấp Hiệp Ngãi',84413,0),(89747,'Ấp Hiệp Ninh',84413,0),(89748,'Ấp Hiệp Thạnh',84413,0),(89749,'Ấp 1',84414,0),(89750,'Ấp 2',84414,0),(89751,'Ấp 3',84414,0),(89752,'Ấp 4',84414,0),(89753,'Ấp 5',84414,0),(89754,'Ấp 6',84414,0),(89755,'Ấp 7',84414,0),(89756,'Ấp 8',84414,0),(89757,'Ấp 11',84414,0),(89758,'Ấp 12',84414,0),(89759,'Ấp 14',84414,0),(89760,'Ấp 15',84414,0),(89761,'Ấp 16',84414,0),(89762,'Ấp 17',84414,0),(90030,'Ấp Nam',15132,0),(90031,'Ấp Bình',15132,0),(90032,'Ấp Thuận',15132,0),(90033,'Ấp Trung',15132,0),(90034,'Ấp Hòa',15132,0),(90035,'Ấp Tây',15132,0),(90080,'Ấp Tân Phú',15191,0),(90081,'Ấp Tân Hưng',15191,0),(90082,'ấp Tân Lợi',15191,0),(90086,'ấp Xóm Gò',15179,0),(90096,'khu phố 1',15046,0),(90097,'khu phố 2',15046,0),(90098,'khu phố 3',15046,0),(90099,'khu phố 4',15046,0),(90100,'khu phố 5',15046,0),(90101,'Ấp Lương Phú A',15152,0),(90102,'Ấp Lương Phú B',15152,0),(90103,'Ấp Lương Phú C',15152,0),(90104,'Ấp An Lạc A',15152,0),(90105,'Ấp An Lạc B',15152,0),(90106,'Ấp Hòa Ninh',15148,0),(90107,'Ấp Hòa Bình',15148,0),(90108,'Ấp Hòa Phú',15148,0),(90109,'Ấp Hòa Quới',15148,0),(90113,'Ấp Trung Hòa',15147,0),(90119,'Ấp Trung Chánh',15147,0),(90120,'Ấp Trung Lợi',15147,0),(90121,'Ấp Trung Thạnh',15147,0),(90122,'Ấp Phú Hòa',15147,0),(90123,'Ấp Điền Mỹ',15160,0),(90124,'Ấp Bình Hòa',15160,0),(90125,'Ấp Thạnh Lợi',15160,0),(90126,'Ấp Long Thạnh',15160,0),(90127,'Ấp Bình Hạnh',15160,0),(90128,'Ấp Tân Bình',15160,0),(90129,'Ấp Điền Lợi',15160,0),(90130,'Ấp Điền Thạnh',15160,0),(90131,'Ấp Tân Long',15160,0),(90132,'Ấp Bình Khương 1',15155,0),(90133,'Ấp Bình Khương 2',15155,0),(90134,'Ấp Bình Ninh',15155,0),(90135,'Ấp Bình Phú',15155,0),(90136,'Ấp Bình Quới',15155,0),(90137,'Ấp Bình Thọ 1',15155,0),(90138,'Ấp Bình Thọ 2',15155,0),(90143,'Khu 3',15146,0),(90144,'Ấp Mỹ An A',15149,0),(90145,'Ấp Mỹ An B',15149,0),(90146,'Ấp Mỹ Trường',15149,0),(90147,'Ấp Tịnh Mỹ',15149,0),(90148,'Ấp Mỹ Thọ',15149,0),(90149,'Ấp Mỹ Khương',15149,0),(90150,'Ấp An Thị',15149,0),(90151,'Ấp An Khương',15149,0),(90152,'Ấp Bình Cách',15150,0),(90153,'Ấp Nhựt Tân',15150,0),(90154,'Ấp Tân Mỹ',15150,0),(90156,'Ấp Song Thạnh',15150,0),(90160,'Ấp Phú Lợi A',15151,0),(90161,'Ấp Phú Lợi B',15151,0),(90162,'Ấp Phú Lợi C',15151,0),(90163,'Ấp Phú Khương A',15151,0),(90164,'Ấp Phú Khương B',15151,0),(90165,'Ấp Phú Khương C',15151,0),(90166,'Ấp Phú Thạnh A',15151,0),(90167,'Ấp Phú Thạnh B',15151,0),(90168,'Ấp Phú Thạnh C',15151,0),(90169,'Ấp Trường Xuân A',15153,0),(90170,'Ấp Trường Xuân B',15153,0),(90171,'Ấp Bình Phú',15153,0),(90172,'Ấp Bình Long',15153,0),(90173,'Ấp Đăng Phong',15153,0),(90174,'Ấp Thanh Đăng',15153,0),(90175,'Ấp Quang Thọ',15154,0),(90176,'Ấp Quang Phú',15154,0),(90177,'Ấp Quang Ninh',15154,0),(90178,'Ấp Quang Khương',15154,0),(90179,'Ấp Long An',15154,0),(90180,'Ấp Long Hòa',15154,0),(90181,'Ấp Long Hiệp',15154,0),(90182,'Ấp Long Thạnh',15154,0),(90183,'Ấp Hưng Ngãi',15156,0),(90184,'Ấp Đăng Phong Trên',15156,0),(90185,'Ấp Đăng Nẵm',15156,0),(90186,'Ấp Đăng Phong Dưới',15156,0),(90187,'Ấp Vĩnh Phước',15156,0),(90188,'Ấp Bình An',15156,0),(90189,'Ấp Bình Thành',15156,0),(90190,'Ấp Bình Ninh',15156,0),(90191,'Ấp Bình Phú Quới',15156,0),(90192,'Ấp Tân Hòa',15157,0),(90193,'Ấp Tân Thành',15157,0),(90194,'Ấp Tân Đông',15156,0),(90195,'Ấp Tân Đông',15157,0),(90196,'Ấp Kinh 12',15099,0),(90197,'Ấp Rạch Trắc',15099,0),(90198,'Ấp Cầu Dừa',15099,0),(90199,'Ấp Long Phước',15099,0),(90200,'Ấp Láng Biển',15099,0),(90201,'Ấp Tân Thắng',15157,0),(90202,'Ấp Tân Hưng',15157,0),(90203,'Ấp Bà Bèo',15099,0),(90204,'Ấp Tân Phú 1',15157,0),(90205,'Ấp Tân Phú 2',15157,0),(90206,'Ấp Tân Bình 1',15157,0),(90207,'Ấp Tân Bình 2A',15157,0),(90208,'Ấp Tân Bình 2B',15157,0),(90209,'Ấp Hòa An',84417,0),(90210,'Ấp Hòa Hảo',84417,0),(90211,'Ấp Bình Thủy',15161,0),(90212,'Hòa Thinh',84417,0),(90213,'Ấp Thạnh Hiệp',15156,0),(90214,'Ấp Long Quới',84417,0),(90215,'Ấp Tân Đông',84417,0),(90216,'Ấp Thủy Tây',84417,0),(90217,'Ấp Thạnh Hiệp',15161,0),(90218,'Ấp Thạnh Hòa',15161,0),(90219,'Ấp Tân Sơn',84417,0),(90220,'Ấp Thạnh An',15161,0),(90221,'Ấp Tân Hòa',84417,0),(90222,'Ấp Thạnh Kiết',15156,0),(90223,'Ấp Thạnh Kiết',15161,0),(90224,'Ấp Thạnh Thới',15161,0),(90225,'Ấp An Quới',15161,0),(90226,'Ấp An Thọ',15161,0),(90227,'Ấp An Phú',15161,0),(90228,'Ấp Hội Tín',84304,0),(90229,'Ấp Hội Trí',84304,0),(90230,'Ấp Hội Lễ',84304,0),(90231,'Ấp Hội Nhơn',84304,0),(90232,'Ấp Hội Nghĩa',84304,0),(90233,'Ấp Xuân Hòa',84304,0),(90234,'Ấp Xuân Điền',84304,0),(90235,'Ấp An Khương',15161,0),(90236,'Ấp Xuân Kiểng',84304,0),(90237,'Ấp Xuân Sắc',84304,0),(90238,'Ấp Xuân Quang',84304,0),(90239,'Ấp Tân Ninh',15162,0),(90240,'Ấp Tân Thuận',15162,0),(90241,'Ấp Tân Hòa',15162,0),(90242,'Ấp Tân Thạnh',15162,0),(90243,'Ấp An Lạc Thượng',15162,0),(90244,'Ấp An Lạc Trung',15162,0),(90245,'Ấp Hòa Thành',15163,0),(90247,'Ấp Nhơn Hòa',15163,0),(90248,'Ấp An Cư',15163,0),(90249,'Ấp Hòa Lạc Trung',15163,0),(90250,'Ấp Mỹ Thạnh',15163,0),(90251,'Ấp Hòa Thới',15163,0),(90252,'Ấp Long Định',15163,0),(90253,'Ấp Bình Hưng Thượng',15164,0),(90254,'Ấp Bình Hưng Hạ',15164,0),(90256,'Ấp Bình Long',15164,0),(90259,'Ấp Hòa Thạnh',15164,0),(90261,'Ấp Hòa Phú',15164,0),(90269,'Ấp Hòa Mỹ',15164,0),(90275,'Ấp Hòa Quới',15164,0),(90280,'Ấp Hòa Lạc',15164,0),(90301,'Ấp Hòa Lợi Tiểu',15164,0),(90310,'Ấp Bình Phú',15164,0),(90323,'Ấp Bình Quới Hạ',15164,0),(90343,'Ấp Bình Quới Thượng',15164,0),(90357,'Ấp Bình Long',15158,0),(90370,'Ấp Bình Hòa B',15158,0),(90377,'Ấp Bình Hiệp',15158,0),(90385,'Ấp Bình Hòa A',15158,0),(90393,'Ấp Bình Thuận',15158,0),(90399,'Ấp Bình An',15158,0),(90401,'Ấp Tân Tỉnh',15158,0),(90405,'Ấp Bình Hưng',15159,0),(90410,'Ấp Bình Ninh',15159,0),(90413,'Ấp Tân Thạnh',15159,0),(90416,'Ấp Bình Thọ Đông',15159,0),(90419,'Ấp Bình Thọ Trung',15159,0),(90423,'Ấp Bình Thọ Thượng',15159,0),(90570,'Khu phố 1',15048,0),(90571,'Khu phố 2',15048,0),(90572,'Khu phố 3',15048,0),(90573,'Khu phố 4',15048,0),(90574,'Khu phố 1',15047,0),(90575,'Khu phố 2',15047,0),(90576,'Khu phố 3',15047,0),(90577,'Khu phố 4',15047,0),(90578,'Khu phố 5',15047,0),(90579,'ấp Long Hưng',15052,0),(90580,'ấp Long Bình',15052,0),(90581,'ấp Long Phước',15052,0),(90582,'ấp Long Mỹ',15052,0),(90583,'Khu phố 1',15049,0),(90584,'Khu phố 2',15049,0),(90585,'Khu phố 3',15049,0),(90586,'Khu phố 4',15049,0),(90587,'Thuận An',15051,0),(90588,'Thuận Hòa',15051,0),(90589,'Xóm Dinh',15051,0),(90590,'Gò Tre',15051,0),(90598,'Việt Hùng',15053,0),(90599,'Tân Xã',15053,0),(90600,'Kim Liên',15053,0),(90601,'Chợ Mới',15053,0),(90602,'Giồng Cát',15053,0),(90603,'Sơn Quy A',15056,0),(90604,'Sơn Quy B',15056,0),(90605,'Ông Non',15056,0),(90606,'Ông Cai',15056,0),(90607,'Gò Xoài',15056,0),(90608,'Xã Lới',15056,0),(90609,'Mỹ Xuân',15056,0),(90610,'Hòa Thân',15054,0),(90611,'Cộng Lạc',15054,0),(90612,'Muôn Nghiệp',15054,0),(90613,'Năm Châu',15054,0),(90614,'Lạc Hòa',15054,0),(90615,'Hồng Rạng',15054,0),(90616,'Trí Đồ',15054,0),(90617,'Ấp 1',15055,0),(90618,'Ấp 2',15055,0),(90619,'Ấp 3',15055,0),(90620,'Ấp 4',15055,0),(90621,'Ấp 5',15055,0),(90622,'Ấp 6',15055,0),(90623,'Ấp 7',15055,0),(90624,'Thành Nhứt',15055,0),(90625,'Thành Nhì',15055,0),(90675,'khu phố Hòa Thơm 3',15178,0),(90676,'khu phố Hòa Thơm 1',15178,0),(90677,'khu phố Hòa Thơm 2',15178,0),(90678,'khu phố Dương Phú',15178,0),(90679,'khu phố Xóm Gò 2',15178,0),(90680,'Ấp Thạnh Thới',15176,0),(90681,'Ấp An Ninh',15176,0),(90682,'Ấp Bình An',15176,0),(90683,'Ấp Phú Quý',15176,0),(90684,'Ấp Hòa Bình',15176,0),(90685,'Ấp Long Thới',15177,0),(90686,'Ấp Thới Hòa',15177,0),(90687,'Ấp Ninh Quới',15177,0),(90688,'Ấp Phú Trung',15177,0),(90689,'Ấp Khương Ninh',15177,0),(90690,'Ấp Hòa Phú',15177,0),(90691,'Ấp Quới An',15177,0),(90692,'Ấp Long Hải',15177,0),(90693,'Ấp Thuận Trị',15175,0),(90694,'Ấp Lợi An',15175,0),(90695,'Ấp Xóm Thủ',15175,0),(90696,'Ấp Hòa Thạnh',15175,0),(90697,'Ấp Thạnh Lợi',15175,0),(90698,'Ấp Hưng Hòa',15174,0),(90699,'Ấp Thới An A',15174,0),(90700,'Ấp Thới An B',15174,0),(90701,'Ấp Vĩnh Quới',15174,0),(90702,'Ấp Phú Quới',15174,0),(90703,'Ấp Bình Tây',15173,0),(90704,'Ấp Tân Thạnh',15173,0),(90705,'Ấp Thạnh Lạc Đông',15173,0),(90706,'Ấp Bình Trung',15173,0),(90707,'Ấp Bình Đông',15173,0),(90708,'Ấp Thạnh Hưng',15172,0),(90709,'Ấp Thạnh Phú',15172,0),(90710,'Ấp Thạnh Hòa Tây',15172,0),(90711,'Ấp Thạnh An',15172,0),(90712,'Ấp Thạnh Hiệp',15172,0),(90713,'Ấp Thạnh Hòa Đông',15172,0),(90714,'Ấp Thạnh Yên',15172,0),(90715,'Ấp Thạnh Bình',15172,0),(90716,'Ấp Long Bình',15171,0),(90717,'Ấp Bình Cách',15171,0),(90718,'Ấp Thạnh Phong',15171,0),(90719,'Ấp Phú Quới',15171,0),(90720,'Ấp Bình Hòa Long',15170,0),(90721,'Ấp Bình Đông Trung',15170,0),(90722,'Ấp Bình Hòa Đông',15170,0),(90723,'Ấp Bình Nhựt',15169,0),(90724,'Ấp Bình Hưng',15169,0),(90725,'Ấp Bình Lạc',15169,0),(90726,'Ấp Lợi An',15168,0),(90727,'Ấp Hòa Bình',15168,0),(90728,'Ấp Thạnh Lạc',15168,0),(90729,'Ấp Thạnh Phú',15168,0),(90730,'Ấp Hòa Thạnh',15168,0),(90731,'Ấp Thạnh Hưng',15168,0),(90732,'Ấp Bình Phú',15167,0),(90733,'Ấp Bình Khánh',15167,0),(90734,'Ấp Bình Ninh',15167,0),(90735,'Ấp Thọ Khương',15167,0),(90736,'Ấp Ninh Đồng',15166,0),(90737,'Ấp Khương Thọ',15166,0),(90738,'Ấp Thạnh Thới',15166,0),(90739,'Ấp Bình Trinh',15166,0),(90746,'ấp Lò Gạch 2',15178,0),(90786,'Ấp Rẫy',15123,0),(90797,'Ấp Phú Quới',15145,0),(90798,'Ấp Phú Long',15145,0),(90799,'Ấp Phú Hòa',15145,0),(90800,'Ấp Phú Ninh',15145,0),(90801,'Ấp Phú Thuận',15145,0),(90803,'Ấp Phú Thạnh',15145,0),(90844,'Ấp Tân Thiện',84415,0),(90845,'Ấp Tân Thái',84415,0),(90846,'Ấp Tân Bường A',84415,0),(90847,'Ấp Tân Bường B',84415,0),(90848,'Ấp Tân Luông A',84415,0),(90849,'Ấp Tân Luông B',84415,0),(90850,'Ấp Tân An',84415,0),(90851,'Ấp Tây Hoà',84416,0),(90852,'Ấp Bình Chánh Đông',84416,0),(90853,'Ấp Đông Hoà',84416,0),(90854,'Ấp Bình Thuận',84416,0),(90855,'Ấp Bình Chánh Tây',84416,0),(90856,'Ấp Bình Thanh',84416,0),(90857,'Ấp Bình Thạnh',84416,0),(90858,'Ấp Bình Đức',84416,0),(90859,'Ấp Bình Hoà A',84416,0),(90860,'Ấp Bình Hoà B',84416,0),(90861,'Ấp Bình Ninh',84416,0),(90862,'Ấp 1',84407,0),(90863,'Ấp 2',84407,0),(90864,'Ấp 3',84407,0),(90865,'Ấp 4',84407,0),(90866,'Ấp 5A',84407,0),(90867,'Ấp 5B',84407,0),(90868,'Ấp 6',84407,0),(90869,'Ấp 5',84408,0),(90870,'Ấp 6',84408,0),(90871,'Ấp 7',84408,0),(90872,'Ấp 8',84408,0),(90873,'Ấp 9A',84408,0),(90874,'Ấp 9B',84408,0),(90875,'Ấp 10',84408,0),(90876,'Ấp 11',84408,0),(90877,'Khu phố 1',15057,0),(90878,'Khu phố 2',15057,0),(90879,'Khu phố 3',15057,0),(90880,'Khu phố 4',15057,0),(90881,'Ấp Tân Thuận',15058,0),(90882,'Ấp Tân Phát',15058,0),(90883,'Ấp Tân Thành',15058,0),(90884,'Ấp Tân Long',15058,0),(90885,'ấp 1',15059,0),(90886,'ấp 2',15059,0),(90887,'ấp 3',15059,0),(90888,'ấp 4',15059,0),(90889,'ấp 5',15059,0),(90890,'Ấp Mỹ Thuận',15060,0),(90891,'Ấp Mỹ Hoà',15060,0),(90892,'Ấp Mỹ Lộc',15060,0),(90893,'Ấp Mỹ Thiện',15060,0),(90894,'Ấp Phú Nhuận',15062,0),(90895,'Ấp Phú Thạnh',15062,0),(90896,'Ấp Phú Xuân',15062,0),(90897,'Ấp Phú Hữu',15062,0),(90898,'ấp 1',15063,0),(90899,'ấp 2',15063,0),(90900,'ấp 3',15063,0),(90901,'ấp 4',15063,0),(90902,'ấp Tân Quới',15063,0),(90903,'ấp Tân Phú',15063,0),(90904,'ấp Tân Vinh',15063,0),(90905,'ấp Tân Lợi',15063,0),(90906,'Ấp Hưng Phú',15064,0),(90907,'Ấp Hưng Quới',15064,0),(90908,'Ấp Hưng Điền',15064,0),(90909,'ấp 1',15065,0),(90910,'ấp 2',15065,0),(90911,'ấp 3',15065,0),(90912,'ấp 4',15065,0),(90913,'ấp 5',15065,0),(90914,'Ấp Tân Hưng Tây',15066,0),(90915,'Ấp Tân Hưng Phước',15066,0),(90916,'Ấp Tân Hưng Đông',15066,0),(90917,'Ấp Tân Hưng Phú',15066,0),(90918,'Ấp Mỹ Thành',15067,0),(90919,'Ấp Mỹ Đức',15067,0),(90920,'Ấp Mỹ Trường',15067,0),(90921,'Ấp Tân Hòa',15068,0),(90922,'Ấp Tân Bình',15068,0),(90923,'Ấp Tân Phong',15068,0),(90924,'Ấp Tân Vinh',15068,0),(90925,'Ấp 2',15069,0),(90926,'Ấp Mỹ Bình',15069,0),(90927,' Ấp Kinh 2B',15069,0),(90928,'Ấp Kinh 2A',15069,0),(90930,'Ấp Mỹ Đức',15069,0),(90931,'Ấp Mỹ Lợi',15069,0),(90932,'Ấp Mỹ Thành',15069,0),(90933,'Ấp Mỹ Trường',15069,0),(90934,'ấp Trại Cá',15179,0),(90935,'Ấp Cá',15123,0),(90936,'Ấp Khu Phố',15124,0),(90937,'Ấp Tân Xuân',15124,0),(90938,'Ấp Tân Hoà',15124,0),(90939,'Ấp Tân Thới',15124,0),(90940,'Ấp Tân Thuận',15124,0),(90941,'Ấp Tân Hoà',15125,0),(90942,'Ấp Tân Phú',15125,0),(90943,'Ấp Tân Thạnh',15125,0),(90944,'Ấp Tân Thuận',15125,0),(90945,'Ấp Tân Thạnh',15126,0),(90946,'Ấp Tân Phú 1',15126,0),(90947,'Ấp Tân Phú 2',15126,0),(90948,'Ấp Tân Quới',15126,0),(90949,'Ấp Tân Lược 2',15126,0),(90950,'Ấp Tân Lược 1',15126,0),(90951,'Ấp Tân Lập',15126,0),(90969,'Ấp Tân Phú',15127,0),(90970,'Ấp Tân Thạnh',15127,0),(90971,'Ấp Tân Phong',15127,0),(90972,'Ấp Ngãi Thuận',15128,0),(90973,'Ấp Thân Đạo',15128,0),(90974,'Ấp Thân Hoà',15128,0),(90975,'Ấp Cửu Hoà',15128,0),(90976,'Ấp Thân Bình',15128,0),(90977,'Ấp Ngãi Lợi',15128,0),(90978,'Ấp Thân Đức',15128,0),(90979,'Ấp 1',15129,0),(90980,'Ấp 2',15129,0),(90981,'Ấp 3',15129,0),(90982,'Ấp 4',15129,0),(90983,'Ấp 5',15129,0),(90984,'Ấp 6',15129,0),(90985,'Ấp 7',15129,0),(90986,'Ấp Khu Phố',15129,0),(90987,'Ấp Thới',15130,0),(90988,'Ấp Bắc A',15130,0),(90989,'Ấp Bắc B',15130,0),(90990,'Ấp Hưng',15130,0),(90991,'Ấp Trung A',15131,0),(90992,'Ấp Trung B',15131,0),(90993,'Ấp Đông A',15131,0),(90994,'Ấp Đông B',15131,0),(90995,'Ấp Nam',15131,0),(90996,'Ấp Tây',15131,0),(90997,'Ấp Hưng',15131,0),(90998,'Ấp Hoà',15131,0),(90999,'Ấp Ngươn',15133,0),(91000,'Ấp Trung',15133,0),(91001,'ẤP Thới',15133,0),(91002,'Ấp Dầu',15133,0),(91003,'Ấp Tây B',15133,0),(91004,'Ấp Đông A',15133,0),(91005,'Ấp Đông B',15133,0),(91006,'Ấp Tân Trang',15133,0),(91007,'Ấp Kinh 2A',15134,0),(91008,'Ấp Tây 1',15134,0),(91009,'Ấp Tây 2',15134,0),(91010,'Ấp Trung',15134,0),(91011,'Ấp Đông',15134,0),(91012,'Ấp Keo',15134,0),(91013,'Ấp Long Hoà B',15134,0),(91014,'Ấp Mới',15134,0),(91015,'Khu phố Lương Minh Chánh',15134,0),(91016,'Ấp Hữu Hoà',15135,0),(91017,'Ấp Hữu Bình',15135,0),(91018,'Ấp Hữu Thuận',15135,0),(91019,'Ấp Hữu Lợi',15135,0),(91022,'Ấp Long Thới',15136,0),(91023,'Ấp Long Thạnh',15136,0),(91024,'Ấp Long Tường',15136,0),(91025,'Ấp Long Bình',15136,0),(91026,'Ấp Thạnh Hoà',15137,0),(91027,'Ấp Long Thuận A',15137,0),(91028,'Ấp Long Thuận B',15137,0),(91029,'Ấp Long Thới',15137,0),(91030,'Ấp Long Bình B',15137,0),(91031,'Ấp Long Bình A',15137,0),(91032,'Ấp Long Thạnh A',15137,0),(91033,'Ấp Long Lợi',15137,0),(91034,'Ấp Nam',15137,0),(91035,'Ấp Bình Hoà A',15138,0),(91036,'Ấp Bình Hoà B',15138,0),(91037,'Ấp Bình Thới A',15138,0),(91038,'Ấp Bình Thới B',15138,0),(91039,'Ấp Bình Trung',15138,0),(91040,'Ấp Bình Thuận',15138,0),(91041,'Ấp Bình Thạnh',15138,0),(91042,'Ấp Bình Phú',15138,0),(91043,'Ấp Chợ',15139,0),(91044,'Ấp Bờ Xe',15139,0),(91045,'Ấp Cây Xanh',15139,0),(91046,'Ấp Miễu Hội',15139,0),(91047,'Ấp Xóm Vông',15139,0),(91048,'Ấp Thạnh Hưng',15139,0),(91049,'Ấp Long Thành A',15140,0),(91050,'Ấp Long Thành B',15140,0),(91051,'Ấp Long Hoà A',15140,0),(91052,'Ấp Long Hoà B',15140,0),(91053,'Ấp Long Thạnh',15140,0),(91054,'Ấp Long Trị',15140,0),(91055,'Ấp Vĩnh Hoà',15141,0),(91056,'Ấp Vĩnh Bình',15141,0),(91057,'Ấp Vĩnh Phú',15141,0),(91058,'Ấp Vĩnh Quý',15141,0),(91059,'Ấp Vĩnh Thới',15141,0),(91060,'Ấp Vĩnh Thạnh',15141,0),(91061,'Ấp Tân Thuận A',15142,0),(91062,'Ấp Tân Thuận B',15142,0),(91063,'Ấp Lộ Ngang',15142,0),(91064,'Ấp Tây Hoà',15143,0),(91065,'Ấp Mỹ Phú',15143,0),(91066,'Ấp Mỹ Thạnh ',15143,0),(91067,'Ấp Đông Hoà',15143,0),(91068,'Ấp Mỹ Hoà',15143,0),(91069,'Ấp Mỹ',15144,0),(91070,'Ấp Tây',15144,0),(91071,'Ấp Đông',15144,0),(91072,'Ấp Hội',15144,0),(91073,'Khu phố 1',15034,0),(91074,'Khu phố 2',15034,0),(91075,'Khu phố 3',15034,0),(91076,'Khu phố 4',15034,0),(91077,'Khu phố 5',15034,0),(91078,'Khu phố 6',15034,0),(91079,'Khu phố 7',15034,0),(91080,'Khu phố 8',15034,0),(91081,'Khu phố 1',15036,0),(91082,'Khu phố 2',15036,0),(91083,'Khu phố 3',15036,0),(91084,'Khu phố 4',15036,0),(91085,'Khu phố 5',15036,0),(91086,'Khu phố 6',15036,0),(91087,'khu phố 3',15037,0),(91088,'khu phố 4',15037,0),(91089,'khu phố 5',15037,0),(91090,'Khu phố Trung Lương',15037,0),(91091,'khu phố Tân Thuận',15038,0),(91092,'khu phố Tân Hà',15038,0),(91093,'khu phố Tân Hòa',15038,0),(91094,'khu phố Tân Bình',15038,0),(91095,'Ấp 1',15039,0),(91096,'Ấp 2',15039,0),(91097,'Ấp 3A',15039,0),(91098,'Ấp 4',15039,0),(91099,'Ấp 5',15039,0),(91100,'Ấp Long Hoà B',15039,0),(91101,'Ấp Long Hoà A',15039,0),(91103,'Ấp 2',15040,0),(91104,'Ấp 3',15040,0),(91105,'Ấp 4',15040,0),(91106,'Ấp 5',15040,0),(91107,'Ấp Bình Tạo A',15040,0),(91108,'Ấp Bình Tạo B',15040,0),(91109,'Ấp Chợ',15040,0),(91110,'Ấp Đồng',15040,0),(91111,'Ấp Mỹ Lương',15041,0),(91112,'Ấp Mỹ Phú',15041,0),(91113,'Ấp Mỹ Hoà',15041,0),(91114,'Ấp Mỹ Hưng',15041,0),(91115,'Ấp Mỹ Lợi',15041,0),(91116,'Ấp Mỹ An',15041,0),(91117,'Ấp Hội Gia',15041,0),(91118,'Ấp Mỹ Thạnh',15041,0),(91119,'Ấp Phong Thuận',15042,0),(91120,'Ấp Tân Tỉnh A',15042,0),(91121,'Ấp Tân Tỉnh B',15042,0),(91122,'Ấp Bình Phong',15042,0),(91123,'Ấp Bình Thành',15042,0),(91124,'Ấp Bình Lợi',15042,0),(91125,'Phước Hòa',15043,0),(91126,'Phước Thuận',15043,0),(91127,'Long Hưng',15043,0),(91128,'Long Mỹ',15043,0),(91129,'Giáp Nước',15043,0),(91130,'Ấp 1',15044,0),(91131,'Ấp 2',15044,0),(91132,'Ấp 3',15044,0),(91133,'Ấp 4',15044,0),(91134,'Ấp Tân Quí',15191,0),(91135,'Ấp Tân Bình',15191,0),(91136,'Ấp Tân Định',15191,0),(91137,'Ấp Tân Hiệp',15191,0),(91138,'Ấp Tân Ninh',15192,0),(91139,'Ấp Tân Thạnh',15192,0),(91140,'Ấp Tân Thành',15192,0),(91141,'Ấp Tân Xuân',15192,0),(91142,'Ấp Tân An',15192,0),(91143,'Ấp Bà Lắm',15193,0),(91144,'Ấp Bãi Bùn',15193,0),(91145,'Cả Thu 1',15193,0),(91146,'Cả Thu 2',15193,0),(91147,'Ấp Giồng Keo',15193,0),(91148,'Ấp Kinh Nhiếm',15193,0),(91149,'Ấp Tân Phú',15193,0),(91150,'Tân Hoà',15194,0),(91151,'Tân Lập',15194,0),(91152,'Tân Thành 1',15194,0),(91153,'Tân Thành 2',15194,0),(91154,'Tân Bình',15194,0),(91155,'Tân Đông',15194,0),(91156,'Ấp Bà Tiên 1',15195,0),(91157,'Ấp Bà Tiên 2',15195,0),(91158,'Ấp Lý Quàn 1',15195,0),(91159,'Ấp Lý Quàn 2',15195,0),(91160,'Ấp Gảnh',15195,0),(91161,'Ấp Phú Hữu',15196,0),(91162,'Ấp Bà Từ',15196,0),(91165,'Ấp Pháo đài',15196,0),(91166,'Ấp Cồn Cóng',15196,0),(91172,'Ấp Bà Lẫy 1',15179,0),(91173,'Ấp Bà Lẫy 2',15179,0),(91174,'Ấp Giồng Lãnh 1',15179,0),(91175,'Ấp Giồng Lãnh 2',15179,0),(91176,'Ấp Trại Ngang',15179,0),(91177,'Ấp Giống Đinh',15179,0),(91178,'Ấp Giồng Tân',15179,0),(91179,'Ấp 2',15180,0),(91180,'Ấp 3',15180,0),(91181,'Ấp 4',15180,0),(91182,'Ấp 5',15180,0),(91183,'Ấp 6',15180,0),(91184,'Ấp 7',15180,0),(91185,'Ấp 8',15180,0),(91186,'Ấp 9',15180,0),(91187,'Ấp 1',15181,0),(91188,'Ấp 2',15181,0),(91189,'Ấp 3',15181,0),(91190,'Ấp 4',15181,0),(91191,'Ấp 5',15181,0),(91192,'Ấp 6',15181,0),(91193,'Khu phố 1',15182,0),(91194,'Khu phố 2',15182,0),(91195,'Khu phố 3',15182,0),(91196,'Khu phố 4',15182,0),(91197,'Khu phố Lăng 1',15182,0),(91198,'Khu phố Lăng 2',15182,0),(91199,'Khu phố Lăng 3',15182,0),(91200,'Ấp Chợ 1',15182,0),(91201,'Ấp Chợ 2',15182,0),(91202,'Ấp 1',15183,0),(91203,'Ấp 2',15183,0),(91204,'Ấp 3',15183,0),(91205,'Ấp 4',15183,0),(91206,'Ấp 5',15183,0),(91207,'Ấp 6',15183,0),(91208,'Ấp 7',15183,0),(91209,'Ấp Xóm đình',15184,0),(91210,'Ấp Giá Trên',15184,0),(91211,'Ấp Giá Dưới',15184,0),(91212,'Ấp Xóm Mới',15184,0),(91213,'Ấp Đôi Ma',15184,0),(91214,'Ấp Xóm Lưới',15184,0),(91215,'Ấp Chợ',15184,0),(91216,'Ấp Cầu Xây',15184,0),(91217,'Ấp Xóm Tựu',15184,0),(91218,'Ấp Xóm Chủ',15184,0),(91219,'Ấp Xóm Rẫy',15184,0),(91220,'Ấp Cầu bà Trà',15185,0),(91221,'Ấp Chùa Đất đỏ',15185,0),(91222,'Ấp Xóm Dinh',15185,0),(91223,'Ấp Gò Lức',15185,0),(91224,'Ấp Gò Táo',15185,0),(91225,'Ấp Bà Lãnh',15185,0),(91226,'Ấp Ông Gồng',15185,0),(91228,'Ấp Kinh Dưới',15186,0),(91229,'Ấp Chợ Bến',15186,0),(91230,'Ấp Xóm Đen',15186,0),(91231,'Ấp Gò Me',15186,0),(91237,'Ấp Nam',15187,0),(91238,'Ấp Trung',15187,0),(91239,'Ấp Bắc 1',15187,0),(91240,'Ấp BẮc 2',15187,0),(91241,'Ấp Rạch Bùn',15187,0),(91242,'Ấp Hộ',15187,0),(91732,'Ấp Hoà Trí',15112,0),(91733,'Ấp Hoà Nghĩa',15112,0),(91734,'Ấp Hoà Nhơn',15112,0),(91755,'Quý Thạnh',15106,0),(92246,'Phường 2',15033,0),(92294,'Quý chánh',15109,0),(94096,'ấp Lò Gạch 1',15178,0),(94199,'khu phố Xóm Gò 1',15178,0),(94265,'Ấp Mỹ Hưng',84412,0),(94303,'Ấp Bờ Kinh',15185,0),(94959,'Ấp Kinh Trên',15186,0),(96498,'Ấp Hiệp Trị',15188,0),(96499,'Ấp Hòa Bình',15188,0),(96500,'Ấp Ruộng Cạn',15188,0),(96501,'Ấp Thạnh Hòa',15188,0),(96502,'Ấp Vạn Thành',15188,0),(96731,'Ấp 3B',15039,0),(98231,'Chợ',15190,0),(98775,'Kinh Giữa',15190,0),(98878,'Đèn Đỏ',15190,0),(98897,'Long Hòa B',15069,0),(98984,'Cây Bàng',15190,0),(98985,'Cầu Muống',15190,0),(99017,'Hòa Xuân',15061,0),(99018,'Hòa Thuận',15061,0),(99020,'Hòa Đông',15061,0),(99787,'Hộ',15190,0),(99788,'Tân Phú',15190,0),(99789,'Láng',15190,0),(99790,'Vàm Kinh',15190,0),(99791,'Bà Canh',15190,0),(99792,'Kinh Ngang',15190,0),(99793,'Thanh Nhung 2',15189,0),(99794,'Thanh Nhung 1',15189,0),(99795,'Dương Quới',15189,0),(99796,'Dương Hòa',15189,0),(99797,'Nghĩa Chí',15189,0),(99798,'Hiệp Trị',15189,0),(99799,'Tân Xuân',15189,0),(106219,'Ấp Bồ Đề',15184,0),(156466,'Khu phố Tân Thuận',15038,0),(156467,'Khu phố Tân Hà',15038,0),(156468,'Khu phố Tân Hòa',15038,0),(156469,'Khu phố Tân Bình',15038,0),(156470,'Lân Thạnh 2',15123,1),(156471,'Trung Kiên 2',15123,1),(156472,'Trung Kiên 1',15123,1),(156473,'Trung Kiên 3',15123,1),(156474,'Trung Kiên 1',15123,1),(156475,'Trung Kiên 1',15123,1),(156476,'Trung kiên 1',15123,1),(156477,'Trung Nhứt',15123,1),(156478,'Trung Thanh',15123,1),(156479,'Trung Nhứt',15123,0);
/*!40000 ALTER TABLE `thon` ENABLE KEYS */;
UNLOCK TABLES;

--
-- Table structure for table `tinhthanhpho`
--

DROP TABLE IF EXISTS `tinhthanhpho`;
/*!40101 SET @saved_cs_client     = @@character_set_client */;
/*!40101 SET character_set_client = utf8 */;
CREATE TABLE `tinhthanhpho` (
  `id_tinhthanhpho` int(20) NOT NULL AUTO_INCREMENT,
  `ten_tinhthanhpho` varchar(50) NOT NULL,
  PRIMARY KEY (`id_tinhthanhpho`)
) ENGINE=InnoDB AUTO_INCREMENT=61 DEFAULT CHARSET=utf8;
/*!40101 SET character_set_client = @saved_cs_client */;

--
-- Dumping data for table `tinhthanhpho`
--

LOCK TABLES `tinhthanhpho` WRITE;
/*!40000 ALTER TABLE `tinhthanhpho` DISABLE KEYS */;
INSERT INTO `tinhthanhpho` VALUES (60,'Tỉnh Tiền Giang');
/*!40000 ALTER TABLE `tinhthanhpho` ENABLE KEYS */;
UNLOCK TABLES;

--
-- Dumping events for database 'DBNew'
--

--
-- Dumping routines for database 'DBNew'
--
/*!40103 SET TIME_ZONE=@OLD_TIME_ZONE */;

/*!40101 SET SQL_MODE=@OLD_SQL_MODE */;
/*!40014 SET FOREIGN_KEY_CHECKS=@OLD_FOREIGN_KEY_CHECKS */;
/*!40014 SET UNIQUE_CHECKS=@OLD_UNIQUE_CHECKS */;
/*!40101 SET CHARACTER_SET_CLIENT=@OLD_CHARACTER_SET_CLIENT */;
/*!40101 SET CHARACTER_SET_RESULTS=@OLD_CHARACTER_SET_RESULTS */;
/*!40101 SET COLLATION_CONNECTION=@OLD_COLLATION_CONNECTION */;
/*!40111 SET SQL_NOTES=@OLD_SQL_NOTES */;

-- Dump completed on 2021-01-28  0:00:44
